parametro;periodo;hora;MW
pu_SOL_da_demanda_bruta;01/10/2022/pat01;00:00;0.0
pu_SOL_da_demanda_bruta;01/10/2022/pat02;00:30;0.0
pu_SOL_da_demanda_bruta;01/10/2022/pat03;01:00;0.0
pu_SOL_da_demanda_bruta;01/10/2022/pat04;01:30;0.0
pu_SOL_da_demanda_bruta;01/10/2022/pat05;02:00;0.0
pu_SOL_da_demanda_bruta;01/10/2022/pat06;02:30;0.0
pu_SOL_da_demanda_bruta;01/10/2022/pat07;03:00;0.0
pu_SOL_da_demanda_bruta;01/10/2022/pat08;03:30;0.0
pu_SOL_da_demanda_bruta;01/10/2022/pat09;04:00;0.0
pu_SOL_da_demanda_bruta;01/10/2022/pat10;04:30;0.0
pu_SOL_da_demanda_bruta;01/10/2022/pat11;05:00;0.0
pu_SOL_da_demanda_bruta;01/10/2022/pat12;05:30;0.0015774009679923858
pu_SOL_da_demanda_bruta;01/10/2022/pat13;06:00;0.012385910144571
pu_SOL_da_demanda_bruta;01/10/2022/pat14;06:30;0.0319691547852241
pu_SOL_da_demanda_bruta;01/10/2022/pat15;07:00;0.04748822250665317
pu_SOL_da_demanda_bruta;01/10/2022/pat16;07:30;0.059271647034371155
pu_SOL_da_demanda_bruta;01/10/2022/pat17;08:00;0.06659869960324084
pu_SOL_da_demanda_bruta;01/10/2022/pat18;08:30;0.06990876342196489
pu_SOL_da_demanda_bruta;01/10/2022/pat19;09:00;0.0709385591678403
pu_SOL_da_demanda_bruta;01/10/2022/pat20;09:30;0.07111307481112258
pu_SOL_da_demanda_bruta;01/10/2022/pat21;10:00;0.07169808104130473
pu_SOL_da_demanda_bruta;01/10/2022/pat22;10:30;0.0718014821478161
pu_SOL_da_demanda_bruta;01/10/2022/pat23;11:00;0.07183946434604438
pu_SOL_da_demanda_bruta;01/10/2022/pat24;11:30;0.07165932212398478
pu_SOL_da_demanda_bruta;01/10/2022/pat25;12:00;0.07168871154596998
pu_SOL_da_demanda_bruta;01/10/2022/pat26;12:30;0.07071287486092578
pu_SOL_da_demanda_bruta;01/10/2022/pat27;13:00;0.06921612409451695
pu_SOL_da_demanda_bruta;01/10/2022/pat28;13:30;0.06641430360428748
pu_SOL_da_demanda_bruta;01/10/2022/pat29;14:00;0.0622877396748559
pu_SOL_da_demanda_bruta;01/10/2022/pat30;14:30;0.057214395070547555
pu_SOL_da_demanda_bruta;01/10/2022/pat31;15:00;0.05118281035309292
pu_SOL_da_demanda_bruta;01/10/2022/pat32;15:30;0.04308736324534026
pu_SOL_da_demanda_bruta;01/10/2022/pat33;16:00;0.03282942628052913
pu_SOL_da_demanda_bruta;01/10/2022/pat34;16:30;0.020591414025910307
pu_SOL_da_demanda_bruta;01/10/2022/pat35;17:00;0.006462385781465377
pu_SOL_da_demanda_bruta;01/10/2022/pat36;17:30;0.000488801778553232
pu_SOL_da_demanda_bruta;01/10/2022/pat37;18:00;0.0
pu_SOL_da_demanda_bruta;01/10/2022/pat38;18:30;0.0
pu_SOL_da_demanda_bruta;01/10/2022/pat39;19:00;0.0
pu_SOL_da_demanda_bruta;01/10/2022/pat40;19:30;0.0
pu_SOL_da_demanda_bruta;01/10/2022/pat41;20:00;0.0
pu_SOL_da_demanda_bruta;01/10/2022/pat42;20:30;0.0
pu_SOL_da_demanda_bruta;01/10/2022/pat43;21:00;0.0
pu_SOL_da_demanda_bruta;01/10/2022/pat44;21:30;0.0
pu_SOL_da_demanda_bruta;01/10/2022/pat45;22:00;0.0
pu_SOL_da_demanda_bruta;01/10/2022/pat46;22:30;0.0
pu_SOL_da_demanda_bruta;01/10/2022/pat47;23:00;0.0
pu_SOL_da_demanda_bruta;01/10/2022/pat48;23:30;0.0
pu_SOL_da_demanda_bruta;02/10/2022/pat01;00:00;0.0
pu_SOL_da_demanda_bruta;02/10/2022/pat02;00:30;0.0
pu_SOL_da_demanda_bruta;02/10/2022/pat03;01:00;0.0
pu_SOL_da_demanda_bruta;02/10/2022/pat04;01:30;0.0
pu_SOL_da_demanda_bruta;02/10/2022/pat05;02:00;0.0
pu_SOL_da_demanda_bruta;02/10/2022/pat06;02:30;0.0
pu_SOL_da_demanda_bruta;02/10/2022/pat07;03:00;0.0
pu_SOL_da_demanda_bruta;02/10/2022/pat08;03:30;0.0
pu_SOL_da_demanda_bruta;02/10/2022/pat09;04:00;0.0
pu_SOL_da_demanda_bruta;02/10/2022/pat10;04:30;0.0
pu_SOL_da_demanda_bruta;02/10/2022/pat11;05:00;0.0
pu_SOL_da_demanda_bruta;02/10/2022/pat12;05:30;0.0015475684227582432
pu_SOL_da_demanda_bruta;02/10/2022/pat13;06:00;0.014023359450075596
pu_SOL_da_demanda_bruta;02/10/2022/pat14;06:30;0.036503797786643
pu_SOL_da_demanda_bruta;02/10/2022/pat15;07:00;0.05531807157181042
pu_SOL_da_demanda_bruta;02/10/2022/pat16;07:30;0.06950663750890518
pu_SOL_da_demanda_bruta;02/10/2022/pat17;08:00;0.07876264710344831
pu_SOL_da_demanda_bruta;02/10/2022/pat18;08:30;0.082508102518416
pu_SOL_da_demanda_bruta;02/10/2022/pat19;09:00;0.08361147086301535
pu_SOL_da_demanda_bruta;02/10/2022/pat20;09:30;0.08390674687671984
pu_SOL_da_demanda_bruta;02/10/2022/pat21;10:00;0.08424727767297537
pu_SOL_da_demanda_bruta;02/10/2022/pat22;10:30;0.08375084310050492
pu_SOL_da_demanda_bruta;02/10/2022/pat23;11:00;0.08337697343098413
pu_SOL_da_demanda_bruta;02/10/2022/pat24;11:30;0.08218362849051249
pu_SOL_da_demanda_bruta;02/10/2022/pat25;12:00;0.08170277831265654
pu_SOL_da_demanda_bruta;02/10/2022/pat26;12:30;0.08075142953418686
pu_SOL_da_demanda_bruta;02/10/2022/pat27;13:00;0.0793991500140725
pu_SOL_da_demanda_bruta;02/10/2022/pat28;13:30;0.0766485230063947
pu_SOL_da_demanda_bruta;02/10/2022/pat29;14:00;0.0723697342174102
pu_SOL_da_demanda_bruta;02/10/2022/pat30;14:30;0.06724511537549083
pu_SOL_da_demanda_bruta;02/10/2022/pat31;15:00;0.06013181230901181
pu_SOL_da_demanda_bruta;02/10/2022/pat32;15:30;0.05070427349053021
pu_SOL_da_demanda_bruta;02/10/2022/pat33;16:00;0.0390171856102126
pu_SOL_da_demanda_bruta;02/10/2022/pat34;16:30;0.0254510128391279
pu_SOL_da_demanda_bruta;02/10/2022/pat35;17:00;0.007882911534311891
pu_SOL_da_demanda_bruta;02/10/2022/pat36;17:30;0.0006393420396309718
pu_SOL_da_demanda_bruta;02/10/2022/pat37;18:00;0.0
pu_SOL_da_demanda_bruta;02/10/2022/pat38;18:30;0.0
pu_SOL_da_demanda_bruta;02/10/2022/pat39;19:00;0.0
pu_SOL_da_demanda_bruta;02/10/2022/pat40;19:30;0.0
pu_SOL_da_demanda_bruta;02/10/2022/pat41;20:00;0.0
pu_SOL_da_demanda_bruta;02/10/2022/pat42;20:30;0.0
pu_SOL_da_demanda_bruta;02/10/2022/pat43;21:00;0.0
pu_SOL_da_demanda_bruta;02/10/2022/pat44;21:30;0.0
pu_SOL_da_demanda_bruta;02/10/2022/pat45;22:00;0.0
pu_SOL_da_demanda_bruta;02/10/2022/pat46;22:30;0.0
pu_SOL_da_demanda_bruta;02/10/2022/pat47;23:00;0.0
pu_SOL_da_demanda_bruta;02/10/2022/pat48;23:30;0.0
pu_SOL_da_demanda_bruta;03/10/2022/pat01;00:00;0.0
pu_SOL_da_demanda_bruta;03/10/2022/pat02;00:30;0.0
pu_SOL_da_demanda_bruta;03/10/2022/pat03;01:00;0.0
pu_SOL_da_demanda_bruta;03/10/2022/pat04;01:30;0.0
pu_SOL_da_demanda_bruta;03/10/2022/pat05;02:00;0.0
pu_SOL_da_demanda_bruta;03/10/2022/pat06;02:30;0.0
pu_SOL_da_demanda_bruta;03/10/2022/pat07;03:00;0.0
pu_SOL_da_demanda_bruta;03/10/2022/pat08;03:30;0.0
pu_SOL_da_demanda_bruta;03/10/2022/pat09;04:00;0.0
pu_SOL_da_demanda_bruta;03/10/2022/pat10;04:30;0.0
pu_SOL_da_demanda_bruta;03/10/2022/pat11;05:00;0.0
pu_SOL_da_demanda_bruta;03/10/2022/pat12;05:30;0.0013621566386229369
pu_SOL_da_demanda_bruta;03/10/2022/pat13;06:00;0.011821659561230234
pu_SOL_da_demanda_bruta;03/10/2022/pat14;06:30;0.029447643414302834
pu_SOL_da_demanda_bruta;03/10/2022/pat15;07:00;0.04447154838289792
pu_SOL_da_demanda_bruta;03/10/2022/pat16;07:30;0.054275370141265586
pu_SOL_da_demanda_bruta;03/10/2022/pat17;08:00;0.05995990796920366
pu_SOL_da_demanda_bruta;03/10/2022/pat18;08:30;0.06278957893774173
pu_SOL_da_demanda_bruta;03/10/2022/pat19;09:00;0.06379655572385227
pu_SOL_da_demanda_bruta;03/10/2022/pat20;09:30;0.06402904469050276
pu_SOL_da_demanda_bruta;03/10/2022/pat21;10:00;0.06412952301322201
pu_SOL_da_demanda_bruta;03/10/2022/pat22;10:30;0.06360330470924647
pu_SOL_da_demanda_bruta;03/10/2022/pat23;11:00;0.06320866615324867
pu_SOL_da_demanda_bruta;03/10/2022/pat24;11:30;0.06306119832979477
pu_SOL_da_demanda_bruta;03/10/2022/pat25;12:00;0.0635655926238733
pu_SOL_da_demanda_bruta;03/10/2022/pat26;12:30;0.06277212823332073
pu_SOL_da_demanda_bruta;03/10/2022/pat27;13:00;0.059878522855341516
pu_SOL_da_demanda_bruta;03/10/2022/pat28;13:30;0.05696995193224336
pu_SOL_da_demanda_bruta;03/10/2022/pat29;14:00;0.05401928603668218
pu_SOL_da_demanda_bruta;03/10/2022/pat30;14:30;0.051314149517149174
pu_SOL_da_demanda_bruta;03/10/2022/pat31;15:00;0.0475136288485571
pu_SOL_da_demanda_bruta;03/10/2022/pat32;15:30;0.041314432169585136
pu_SOL_da_demanda_bruta;03/10/2022/pat33;16:00;0.03231720475853232
pu_SOL_da_demanda_bruta;03/10/2022/pat34;16:30;0.02091134819642168
pu_SOL_da_demanda_bruta;03/10/2022/pat35;17:00;0.008025515628122086
pu_SOL_da_demanda_bruta;03/10/2022/pat36;17:30;0.0012562517367506842
pu_SOL_da_demanda_bruta;03/10/2022/pat37;18:00;5.104950689865565e-06
pu_SOL_da_demanda_bruta;03/10/2022/pat38;18:30;0.0
pu_SOL_da_demanda_bruta;03/10/2022/pat39;19:00;0.0
pu_SOL_da_demanda_bruta;03/10/2022/pat40;19:30;0.0
pu_SOL_da_demanda_bruta;03/10/2022/pat41;20:00;0.0
pu_SOL_da_demanda_bruta;03/10/2022/pat42;20:30;0.0
pu_SOL_da_demanda_bruta;03/10/2022/pat43;21:00;0.0
pu_SOL_da_demanda_bruta;03/10/2022/pat44;21:30;0.0
pu_SOL_da_demanda_bruta;03/10/2022/pat45;22:00;0.0
pu_SOL_da_demanda_bruta;03/10/2022/pat46;22:30;0.0
pu_SOL_da_demanda_bruta;03/10/2022/pat47;23:00;0.0
pu_SOL_da_demanda_bruta;03/10/2022/pat48;23:30;0.0
pu_SOL_da_demanda_bruta;04/10/2022/pat01;00:00;0.0
pu_SOL_da_demanda_bruta;04/10/2022/pat02;00:30;0.0
pu_SOL_da_demanda_bruta;04/10/2022/pat03;01:00;0.0
pu_SOL_da_demanda_bruta;04/10/2022/pat04;01:30;0.0
pu_SOL_da_demanda_bruta;04/10/2022/pat05;02:00;0.0
pu_SOL_da_demanda_bruta;04/10/2022/pat06;02:30;0.0
pu_SOL_da_demanda_bruta;04/10/2022/pat07;03:00;0.0
pu_SOL_da_demanda_bruta;04/10/2022/pat08;03:30;0.0
pu_SOL_da_demanda_bruta;04/10/2022/pat09;04:00;0.0
pu_SOL_da_demanda_bruta;04/10/2022/pat10;04:30;0.0
pu_SOL_da_demanda_bruta;04/10/2022/pat11;05:00;0.0
pu_SOL_da_demanda_bruta;04/10/2022/pat12;05:30;0.0013575209498743563
pu_SOL_da_demanda_bruta;04/10/2022/pat13;06:00;0.01235475912914084
pu_SOL_da_demanda_bruta;04/10/2022/pat14;06:30;0.03162836701845994
pu_SOL_da_demanda_bruta;04/10/2022/pat15;07:00;0.047336929963638516
pu_SOL_da_demanda_bruta;04/10/2022/pat16;07:30;0.056560486882038186
pu_SOL_da_demanda_bruta;04/10/2022/pat17;08:00;0.06103601132434329
pu_SOL_da_demanda_bruta;04/10/2022/pat18;08:30;0.06360268234311924
pu_SOL_da_demanda_bruta;04/10/2022/pat19;09:00;0.0647051269566088
pu_SOL_da_demanda_bruta;04/10/2022/pat20;09:30;0.06518366279240947
pu_SOL_da_demanda_bruta;04/10/2022/pat21;10:00;0.0656730047334286
pu_SOL_da_demanda_bruta;04/10/2022/pat22;10:30;0.06569574545411741
pu_SOL_da_demanda_bruta;04/10/2022/pat23;11:00;0.06596567119815805
pu_SOL_da_demanda_bruta;04/10/2022/pat24;11:30;0.06623780547918677
pu_SOL_da_demanda_bruta;04/10/2022/pat25;12:00;0.06699481220433935
pu_SOL_da_demanda_bruta;04/10/2022/pat26;12:30;0.06599670045942507
pu_SOL_da_demanda_bruta;04/10/2022/pat27;13:00;0.06303610712685695
pu_SOL_da_demanda_bruta;04/10/2022/pat28;13:30;0.06007566320028187
pu_SOL_da_demanda_bruta;04/10/2022/pat29;14:00;0.05735787368132937
pu_SOL_da_demanda_bruta;04/10/2022/pat30;14:30;0.054569571230521884
pu_SOL_da_demanda_bruta;04/10/2022/pat31;15:00;0.05052893374999597
pu_SOL_da_demanda_bruta;04/10/2022/pat32;15:30;0.04360603497380076
pu_SOL_da_demanda_bruta;04/10/2022/pat33;16:00;0.03433049497941337
pu_SOL_da_demanda_bruta;04/10/2022/pat34;16:30;0.021882155553748582
pu_SOL_da_demanda_bruta;04/10/2022/pat35;17:00;0.007730794836715953
pu_SOL_da_demanda_bruta;04/10/2022/pat36;17:30;0.000617778930747714
pu_SOL_da_demanda_bruta;04/10/2022/pat37;18:00;2.3290270769295246e-05
pu_SOL_da_demanda_bruta;04/10/2022/pat38;18:30;0.0
pu_SOL_da_demanda_bruta;04/10/2022/pat39;19:00;0.0
pu_SOL_da_demanda_bruta;04/10/2022/pat40;19:30;0.0
pu_SOL_da_demanda_bruta;04/10/2022/pat41;20:00;0.0
pu_SOL_da_demanda_bruta;04/10/2022/pat42;20:30;0.0
pu_SOL_da_demanda_bruta;04/10/2022/pat43;21:00;0.0
pu_SOL_da_demanda_bruta;04/10/2022/pat44;21:30;0.0
pu_SOL_da_demanda_bruta;04/10/2022/pat45;22:00;0.0
pu_SOL_da_demanda_bruta;04/10/2022/pat46;22:30;0.0
pu_SOL_da_demanda_bruta;04/10/2022/pat47;23:00;0.0
pu_SOL_da_demanda_bruta;04/10/2022/pat48;23:30;0.0
pu_SOL_da_demanda_bruta;05/10/2022/pat01;00:00;0.0
pu_SOL_da_demanda_bruta;05/10/2022/pat02;00:30;0.0
pu_SOL_da_demanda_bruta;05/10/2022/pat03;01:00;0.0
pu_SOL_da_demanda_bruta;05/10/2022/pat04;01:30;0.0
pu_SOL_da_demanda_bruta;05/10/2022/pat05;02:00;0.0
pu_SOL_da_demanda_bruta;05/10/2022/pat06;02:30;0.0
pu_SOL_da_demanda_bruta;05/10/2022/pat07;03:00;0.0
pu_SOL_da_demanda_bruta;05/10/2022/pat08;03:30;0.0
pu_SOL_da_demanda_bruta;05/10/2022/pat09;04:00;0.0
pu_SOL_da_demanda_bruta;05/10/2022/pat10;04:30;0.0
pu_SOL_da_demanda_bruta;05/10/2022/pat11;05:00;0.0
pu_SOL_da_demanda_bruta;05/10/2022/pat12;05:30;0.001699978902498737
pu_SOL_da_demanda_bruta;05/10/2022/pat13;06:00;0.011663334509605888
pu_SOL_da_demanda_bruta;05/10/2022/pat14;06:30;0.03114266695696076
pu_SOL_da_demanda_bruta;05/10/2022/pat15;07:00;0.04558936113887416
pu_SOL_da_demanda_bruta;05/10/2022/pat16;07:30;0.05561638495919186
pu_SOL_da_demanda_bruta;05/10/2022/pat17;08:00;0.06001030506931701
pu_SOL_da_demanda_bruta;05/10/2022/pat18;08:30;0.06248845548036666
pu_SOL_da_demanda_bruta;05/10/2022/pat19;09:00;0.06338157649322645
pu_SOL_da_demanda_bruta;05/10/2022/pat20;09:30;0.0636166599582453
pu_SOL_da_demanda_bruta;05/10/2022/pat21;10:00;0.06384809778378991
pu_SOL_da_demanda_bruta;05/10/2022/pat22;10:30;0.06377570540598211
pu_SOL_da_demanda_bruta;05/10/2022/pat23;11:00;0.06389657654279908
pu_SOL_da_demanda_bruta;05/10/2022/pat24;11:30;0.06430393616528939
pu_SOL_da_demanda_bruta;05/10/2022/pat25;12:00;0.06495591210220703
pu_SOL_da_demanda_bruta;05/10/2022/pat26;12:30;0.06451798242332933
pu_SOL_da_demanda_bruta;05/10/2022/pat27;13:00;0.0621191334281375
pu_SOL_da_demanda_bruta;05/10/2022/pat28;13:30;0.06015063543492298
pu_SOL_da_demanda_bruta;05/10/2022/pat29;14:00;0.05823115362807005
pu_SOL_da_demanda_bruta;05/10/2022/pat30;14:30;0.05611370139991006
pu_SOL_da_demanda_bruta;05/10/2022/pat31;15:00;0.05226120408731912
pu_SOL_da_demanda_bruta;05/10/2022/pat32;15:30;0.046479465774924594
pu_SOL_da_demanda_bruta;05/10/2022/pat33;16:00;0.036391133095122666
pu_SOL_da_demanda_bruta;05/10/2022/pat34;16:30;0.022491382596238924
pu_SOL_da_demanda_bruta;05/10/2022/pat35;17:00;0.007527150179782428
pu_SOL_da_demanda_bruta;05/10/2022/pat36;17:30;0.0007440111279209033
pu_SOL_da_demanda_bruta;05/10/2022/pat37;18:00;3.106709436158085e-05
pu_SOL_da_demanda_bruta;05/10/2022/pat38;18:30;0.0
pu_SOL_da_demanda_bruta;05/10/2022/pat39;19:00;0.0
pu_SOL_da_demanda_bruta;05/10/2022/pat40;19:30;0.0
pu_SOL_da_demanda_bruta;05/10/2022/pat41;20:00;0.0
pu_SOL_da_demanda_bruta;05/10/2022/pat42;20:30;0.0
pu_SOL_da_demanda_bruta;05/10/2022/pat43;21:00;0.0
pu_SOL_da_demanda_bruta;05/10/2022/pat44;21:30;0.0
pu_SOL_da_demanda_bruta;05/10/2022/pat45;22:00;0.0
pu_SOL_da_demanda_bruta;05/10/2022/pat46;22:30;0.0
pu_SOL_da_demanda_bruta;05/10/2022/pat47;23:00;0.0
pu_SOL_da_demanda_bruta;05/10/2022/pat48;23:30;0.0
pu_SOL_da_demanda_bruta;06/10/2022/pat01;00:00;0.0
pu_SOL_da_demanda_bruta;06/10/2022/pat02;00:30;0.0
pu_SOL_da_demanda_bruta;06/10/2022/pat03;01:00;0.0
pu_SOL_da_demanda_bruta;06/10/2022/pat04;01:30;0.0
pu_SOL_da_demanda_bruta;06/10/2022/pat05;02:00;0.0
pu_SOL_da_demanda_bruta;06/10/2022/pat06;02:30;0.0
pu_SOL_da_demanda_bruta;06/10/2022/pat07;03:00;0.0
pu_SOL_da_demanda_bruta;06/10/2022/pat08;03:30;0.0
pu_SOL_da_demanda_bruta;06/10/2022/pat09;04:00;0.0
pu_SOL_da_demanda_bruta;06/10/2022/pat10;04:30;0.0
pu_SOL_da_demanda_bruta;06/10/2022/pat11;05:00;0.0
pu_SOL_da_demanda_bruta;06/10/2022/pat12;05:30;0.0015018115111685197
pu_SOL_da_demanda_bruta;06/10/2022/pat13;06:00;0.013097285598461964
pu_SOL_da_demanda_bruta;06/10/2022/pat14;06:30;0.033657792455803776
pu_SOL_da_demanda_bruta;06/10/2022/pat15;07:00;0.04910124050949381
pu_SOL_da_demanda_bruta;06/10/2022/pat16;07:30;0.058412757152265106
pu_SOL_da_demanda_bruta;06/10/2022/pat17;08:00;0.06257612423742731
pu_SOL_da_demanda_bruta;06/10/2022/pat18;08:30;0.06455868258356573
pu_SOL_da_demanda_bruta;06/10/2022/pat19;09:00;0.06526184385491297
pu_SOL_da_demanda_bruta;06/10/2022/pat20;09:30;0.06566003501855974
pu_SOL_da_demanda_bruta;06/10/2022/pat21;10:00;0.06586702246068911
pu_SOL_da_demanda_bruta;06/10/2022/pat22;10:30;0.06569063923164963
pu_SOL_da_demanda_bruta;06/10/2022/pat23;11:00;0.06602670339882226
pu_SOL_da_demanda_bruta;06/10/2022/pat24;11:30;0.06655980557613567
pu_SOL_da_demanda_bruta;06/10/2022/pat25;12:00;0.06749439595051689
pu_SOL_da_demanda_bruta;06/10/2022/pat26;12:30;0.06695063706358538
pu_SOL_da_demanda_bruta;06/10/2022/pat27;13:00;0.06468794175948119
pu_SOL_da_demanda_bruta;06/10/2022/pat28;13:30;0.06229788672718589
pu_SOL_da_demanda_bruta;06/10/2022/pat29;14:00;0.059667126449004584
pu_SOL_da_demanda_bruta;06/10/2022/pat30;14:30;0.05726427676822328
pu_SOL_da_demanda_bruta;06/10/2022/pat31;15:00;0.05322682303017305
pu_SOL_da_demanda_bruta;06/10/2022/pat32;15:30;0.046399428833089756
pu_SOL_da_demanda_bruta;06/10/2022/pat33;16:00;0.03577265261924783
pu_SOL_da_demanda_bruta;06/10/2022/pat34;16:30;0.023273182674311634
pu_SOL_da_demanda_bruta;06/10/2022/pat35;17:00;0.008219010084976807
pu_SOL_da_demanda_bruta;06/10/2022/pat36;17:30;0.0006684751770538325
pu_SOL_da_demanda_bruta;06/10/2022/pat37;18:00;0.0
pu_SOL_da_demanda_bruta;06/10/2022/pat38;18:30;0.0
pu_SOL_da_demanda_bruta;06/10/2022/pat39;19:00;0.0
pu_SOL_da_demanda_bruta;06/10/2022/pat40;19:30;0.0
pu_SOL_da_demanda_bruta;06/10/2022/pat41;20:00;0.0
pu_SOL_da_demanda_bruta;06/10/2022/pat42;20:30;0.0
pu_SOL_da_demanda_bruta;06/10/2022/pat43;21:00;0.0
pu_SOL_da_demanda_bruta;06/10/2022/pat44;21:30;0.0
pu_SOL_da_demanda_bruta;06/10/2022/pat45;22:00;0.0
pu_SOL_da_demanda_bruta;06/10/2022/pat46;22:30;0.0
pu_SOL_da_demanda_bruta;06/10/2022/pat47;23:00;0.0
pu_SOL_da_demanda_bruta;06/10/2022/pat48;23:30;0.0
pu_SOL_da_demanda_bruta;07/10/2022/pat01;00:00;0.0
pu_SOL_da_demanda_bruta;07/10/2022/pat02;00:30;0.0
pu_SOL_da_demanda_bruta;07/10/2022/pat03;01:00;0.0
pu_SOL_da_demanda_bruta;07/10/2022/pat04;01:30;0.0
pu_SOL_da_demanda_bruta;07/10/2022/pat05;02:00;0.0
pu_SOL_da_demanda_bruta;07/10/2022/pat06;02:30;0.0
pu_SOL_da_demanda_bruta;07/10/2022/pat07;03:00;0.0
pu_SOL_da_demanda_bruta;07/10/2022/pat08;03:30;0.0
pu_SOL_da_demanda_bruta;07/10/2022/pat09;04:00;0.0
pu_SOL_da_demanda_bruta;07/10/2022/pat10;04:30;0.0
pu_SOL_da_demanda_bruta;07/10/2022/pat11;05:00;0.0
pu_SOL_da_demanda_bruta;07/10/2022/pat12;05:30;0.001344927494601101
pu_SOL_da_demanda_bruta;07/10/2022/pat13;06:00;0.01246368280642871
pu_SOL_da_demanda_bruta;07/10/2022/pat14;06:30;0.02943681376577718
pu_SOL_da_demanda_bruta;07/10/2022/pat15;07:00;0.043204866072238404
pu_SOL_da_demanda_bruta;07/10/2022/pat16;07:30;0.05247134008149199
pu_SOL_da_demanda_bruta;07/10/2022/pat17;08:00;0.058095479316179255
pu_SOL_da_demanda_bruta;07/10/2022/pat18;08:30;0.06068482335124758
pu_SOL_da_demanda_bruta;07/10/2022/pat19;09:00;0.06157732703058068
pu_SOL_da_demanda_bruta;07/10/2022/pat20;09:30;0.061828918775323614
pu_SOL_da_demanda_bruta;07/10/2022/pat21;10:00;0.06213620856497297
pu_SOL_da_demanda_bruta;07/10/2022/pat22;10:30;0.06259724713442132
pu_SOL_da_demanda_bruta;07/10/2022/pat23;11:00;0.06262884094222586
pu_SOL_da_demanda_bruta;07/10/2022/pat24;11:30;0.06268179850042617
pu_SOL_da_demanda_bruta;07/10/2022/pat25;12:00;0.06283851172990977
pu_SOL_da_demanda_bruta;07/10/2022/pat26;12:30;0.06140664979943881
pu_SOL_da_demanda_bruta;07/10/2022/pat27;13:00;0.058868637928255294
pu_SOL_da_demanda_bruta;07/10/2022/pat28;13:30;0.0566497972690035
pu_SOL_da_demanda_bruta;07/10/2022/pat29;14:00;0.05439426431725027
pu_SOL_da_demanda_bruta;07/10/2022/pat30;14:30;0.05233703098155015
pu_SOL_da_demanda_bruta;07/10/2022/pat31;15:00;0.04884390257279691
pu_SOL_da_demanda_bruta;07/10/2022/pat32;15:30;0.04305409803553378
pu_SOL_da_demanda_bruta;07/10/2022/pat33;16:00;0.033683191777505
pu_SOL_da_demanda_bruta;07/10/2022/pat34;16:30;0.021749657173241087
pu_SOL_da_demanda_bruta;07/10/2022/pat35;17:00;0.00747616694960654
pu_SOL_da_demanda_bruta;07/10/2022/pat36;17:30;0.0004845488170325415
pu_SOL_da_demanda_bruta;07/10/2022/pat37;18:00;2.3465833554919614e-05
pu_SOL_da_demanda_bruta;07/10/2022/pat38;18:30;0.0
pu_SOL_da_demanda_bruta;07/10/2022/pat39;19:00;0.0
pu_SOL_da_demanda_bruta;07/10/2022/pat40;19:30;0.0
pu_SOL_da_demanda_bruta;07/10/2022/pat41;20:00;0.0
pu_SOL_da_demanda_bruta;07/10/2022/pat42;20:30;0.0
pu_SOL_da_demanda_bruta;07/10/2022/pat43;21:00;0.0
pu_SOL_da_demanda_bruta;07/10/2022/pat44;21:30;0.0
pu_SOL_da_demanda_bruta;07/10/2022/pat45;22:00;0.0
pu_SOL_da_demanda_bruta;07/10/2022/pat46;22:30;0.0
pu_SOL_da_demanda_bruta;07/10/2022/pat47;23:00;0.0
pu_SOL_da_demanda_bruta;07/10/2022/pat48;23:30;0.0
pu_SOL_da_demanda_bruta;08/10/2022/pat01;00:00;0.0
pu_SOL_da_demanda_bruta;08/10/2022/pat02;00:30;0.0
pu_SOL_da_demanda_bruta;08/10/2022/pat03;01:00;0.0
pu_SOL_da_demanda_bruta;08/10/2022/pat04;01:30;0.0
pu_SOL_da_demanda_bruta;08/10/2022/pat05;02:00;0.0
pu_SOL_da_demanda_bruta;08/10/2022/pat06;02:30;0.0
pu_SOL_da_demanda_bruta;08/10/2022/pat07;03:00;0.0
pu_SOL_da_demanda_bruta;08/10/2022/pat08;03:30;0.0
pu_SOL_da_demanda_bruta;08/10/2022/pat09;04:00;0.0
pu_SOL_da_demanda_bruta;08/10/2022/pat10;04:30;0.0
pu_SOL_da_demanda_bruta;08/10/2022/pat11;05:00;0.0
pu_SOL_da_demanda_bruta;08/10/2022/pat12;05:30;0.0017156459991279397
pu_SOL_da_demanda_bruta;08/10/2022/pat13;06:00;0.015004978826164101
pu_SOL_da_demanda_bruta;08/10/2022/pat14;06:30;0.03702536939620694
pu_SOL_da_demanda_bruta;08/10/2022/pat15;07:00;0.05785144978339148
pu_SOL_da_demanda_bruta;08/10/2022/pat16;07:30;0.06883988510117198
pu_SOL_da_demanda_bruta;08/10/2022/pat17;08:00;0.07394302394893393
pu_SOL_da_demanda_bruta;08/10/2022/pat18;08:30;0.07642861517925517
pu_SOL_da_demanda_bruta;08/10/2022/pat19;09:00;0.07803022344955995
pu_SOL_da_demanda_bruta;08/10/2022/pat20;09:30;0.078968070458012
pu_SOL_da_demanda_bruta;08/10/2022/pat21;10:00;0.07939646914708906
pu_SOL_da_demanda_bruta;08/10/2022/pat22;10:30;0.07937460780406139
pu_SOL_da_demanda_bruta;08/10/2022/pat23;11:00;0.07959456176244908
pu_SOL_da_demanda_bruta;08/10/2022/pat24;11:30;0.07974770485264589
pu_SOL_da_demanda_bruta;08/10/2022/pat25;12:00;0.07991256804637968
pu_SOL_da_demanda_bruta;08/10/2022/pat26;12:30;0.07920004533599642
pu_SOL_da_demanda_bruta;08/10/2022/pat27;13:00;0.07796870173895117
pu_SOL_da_demanda_bruta;08/10/2022/pat28;13:30;0.07597777103493404
pu_SOL_da_demanda_bruta;08/10/2022/pat29;14:00;0.07314436989435424
pu_SOL_da_demanda_bruta;08/10/2022/pat30;14:30;0.06899184831324097
pu_SOL_da_demanda_bruta;08/10/2022/pat31;15:00;0.06400910415679331
pu_SOL_da_demanda_bruta;08/10/2022/pat32;15:30;0.05666686714556694
pu_SOL_da_demanda_bruta;08/10/2022/pat33;16:00;0.04477926578743244
pu_SOL_da_demanda_bruta;08/10/2022/pat34;16:30;0.02601122964969942
pu_SOL_da_demanda_bruta;08/10/2022/pat35;17:00;0.007629278636762015
pu_SOL_da_demanda_bruta;08/10/2022/pat36;17:30;0.0006666585351535651
pu_SOL_da_demanda_bruta;08/10/2022/pat37;18:00;1.0850511846506874e-05
pu_SOL_da_demanda_bruta;08/10/2022/pat38;18:30;0.0
pu_SOL_da_demanda_bruta;08/10/2022/pat39;19:00;0.0
pu_SOL_da_demanda_bruta;08/10/2022/pat40;19:30;0.0
pu_SOL_da_demanda_bruta;08/10/2022/pat41;20:00;0.0
pu_SOL_da_demanda_bruta;08/10/2022/pat42;20:30;0.0
pu_SOL_da_demanda_bruta;08/10/2022/pat43;21:00;0.0
pu_SOL_da_demanda_bruta;08/10/2022/pat44;21:30;0.0
pu_SOL_da_demanda_bruta;08/10/2022/pat45;22:00;0.0
pu_SOL_da_demanda_bruta;08/10/2022/pat46;22:30;0.0
pu_SOL_da_demanda_bruta;08/10/2022/pat47;23:00;0.0
pu_SOL_da_demanda_bruta;08/10/2022/pat48;23:30;0.0
pu_SOL_da_demanda_bruta;09/10/2022/pat01;00:00;0.0
pu_SOL_da_demanda_bruta;09/10/2022/pat02;00:30;0.0
pu_SOL_da_demanda_bruta;09/10/2022/pat03;01:00;0.0
pu_SOL_da_demanda_bruta;09/10/2022/pat04;01:30;0.0
pu_SOL_da_demanda_bruta;09/10/2022/pat05;02:00;0.0
pu_SOL_da_demanda_bruta;09/10/2022/pat06;02:30;0.0
pu_SOL_da_demanda_bruta;09/10/2022/pat07;03:00;0.0
pu_SOL_da_demanda_bruta;09/10/2022/pat08;03:30;0.0
pu_SOL_da_demanda_bruta;09/10/2022/pat09;04:00;0.0
pu_SOL_da_demanda_bruta;09/10/2022/pat10;04:30;0.0
pu_SOL_da_demanda_bruta;09/10/2022/pat11;05:00;0.0
pu_SOL_da_demanda_bruta;09/10/2022/pat12;05:30;0.0020245478727839088
pu_SOL_da_demanda_bruta;09/10/2022/pat13;06:00;0.01571548655297088
pu_SOL_da_demanda_bruta;09/10/2022/pat14;06:30;0.040151684675601776
pu_SOL_da_demanda_bruta;09/10/2022/pat15;07:00;0.06289030955031433
pu_SOL_da_demanda_bruta;09/10/2022/pat16;07:30;0.07496950146744993
pu_SOL_da_demanda_bruta;09/10/2022/pat17;08:00;0.07994643332673276
pu_SOL_da_demanda_bruta;09/10/2022/pat18;08:30;0.08226305162716681
pu_SOL_da_demanda_bruta;09/10/2022/pat19;09:00;0.08279057230629516
pu_SOL_da_demanda_bruta;09/10/2022/pat20;09:30;0.08313905885027609
pu_SOL_da_demanda_bruta;09/10/2022/pat21;10:00;0.08272311277921908
pu_SOL_da_demanda_bruta;09/10/2022/pat22;10:30;0.08200361779947352
pu_SOL_da_demanda_bruta;09/10/2022/pat23;11:00;0.08143374673633799
pu_SOL_da_demanda_bruta;09/10/2022/pat24;11:30;0.08112530582965523
pu_SOL_da_demanda_bruta;09/10/2022/pat25;12:00;0.08085897208855075
pu_SOL_da_demanda_bruta;09/10/2022/pat26;12:30;0.08068106113433295
pu_SOL_da_demanda_bruta;09/10/2022/pat27;13:00;0.08005939609149126
pu_SOL_da_demanda_bruta;09/10/2022/pat28;13:30;0.07856498679367409
pu_SOL_da_demanda_bruta;09/10/2022/pat29;14:00;0.07642218149954984
pu_SOL_da_demanda_bruta;09/10/2022/pat30;14:30;0.07340119687689174
pu_SOL_da_demanda_bruta;09/10/2022/pat31;15:00;0.06820070602051967
pu_SOL_da_demanda_bruta;09/10/2022/pat32;15:30;0.06090580439906566
pu_SOL_da_demanda_bruta;09/10/2022/pat33;16:00;0.04677860240218109
pu_SOL_da_demanda_bruta;09/10/2022/pat34;16:30;0.027494132343267714
pu_SOL_da_demanda_bruta;09/10/2022/pat35;17:00;0.008180464599536686
pu_SOL_da_demanda_bruta;09/10/2022/pat36;17:30;0.000805106732584558
pu_SOL_da_demanda_bruta;09/10/2022/pat37;18:00;2.6541282054973665e-05
pu_SOL_da_demanda_bruta;09/10/2022/pat38;18:30;0.0
pu_SOL_da_demanda_bruta;09/10/2022/pat39;19:00;0.0
pu_SOL_da_demanda_bruta;09/10/2022/pat40;19:30;0.0
pu_SOL_da_demanda_bruta;09/10/2022/pat41;20:00;0.0
pu_SOL_da_demanda_bruta;09/10/2022/pat42;20:30;0.0
pu_SOL_da_demanda_bruta;09/10/2022/pat43;21:00;0.0
pu_SOL_da_demanda_bruta;09/10/2022/pat44;21:30;0.0
pu_SOL_da_demanda_bruta;09/10/2022/pat45;22:00;0.0
pu_SOL_da_demanda_bruta;09/10/2022/pat46;22:30;0.0
pu_SOL_da_demanda_bruta;09/10/2022/pat47;23:00;0.0
pu_SOL_da_demanda_bruta;09/10/2022/pat48;23:30;0.0
pu_SOL_da_demanda_bruta;10/10/2022/pat01;00:00;0.0
pu_SOL_da_demanda_bruta;10/10/2022/pat02;00:30;0.0
pu_SOL_da_demanda_bruta;10/10/2022/pat03;01:00;0.0
pu_SOL_da_demanda_bruta;10/10/2022/pat04;01:30;0.0
pu_SOL_da_demanda_bruta;10/10/2022/pat05;02:00;0.0
pu_SOL_da_demanda_bruta;10/10/2022/pat06;02:30;0.0
pu_SOL_da_demanda_bruta;10/10/2022/pat07;03:00;0.0
pu_SOL_da_demanda_bruta;10/10/2022/pat08;03:30;0.0
pu_SOL_da_demanda_bruta;10/10/2022/pat09;04:00;0.0
pu_SOL_da_demanda_bruta;10/10/2022/pat10;04:30;0.0
pu_SOL_da_demanda_bruta;10/10/2022/pat11;05:00;0.0
pu_SOL_da_demanda_bruta;10/10/2022/pat12;05:30;0.001633986543224099
pu_SOL_da_demanda_bruta;10/10/2022/pat13;06:00;0.014713542050647408
pu_SOL_da_demanda_bruta;10/10/2022/pat14;06:30;0.035942393718382815
pu_SOL_da_demanda_bruta;10/10/2022/pat15;07:00;0.05217032586445613
pu_SOL_da_demanda_bruta;10/10/2022/pat16;07:30;0.06312209251603115
pu_SOL_da_demanda_bruta;10/10/2022/pat17;08:00;0.06971312462828647
pu_SOL_da_demanda_bruta;10/10/2022/pat18;08:30;0.0718080357116371
pu_SOL_da_demanda_bruta;10/10/2022/pat19;09:00;0.07211535772225021
pu_SOL_da_demanda_bruta;10/10/2022/pat20;09:30;0.0718091076392392
pu_SOL_da_demanda_bruta;10/10/2022/pat21;10:00;0.07140818949322827
pu_SOL_da_demanda_bruta;10/10/2022/pat22;10:30;0.07119490595762995
pu_SOL_da_demanda_bruta;10/10/2022/pat23;11:00;0.07091427734313416
pu_SOL_da_demanda_bruta;10/10/2022/pat24;11:30;0.07086590261944117
pu_SOL_da_demanda_bruta;10/10/2022/pat25;12:00;0.07079250705912986
pu_SOL_da_demanda_bruta;10/10/2022/pat26;12:30;0.0696893565052116
pu_SOL_da_demanda_bruta;10/10/2022/pat27;13:00;0.0666313290203205
pu_SOL_da_demanda_bruta;10/10/2022/pat28;13:30;0.06295752590129022
pu_SOL_da_demanda_bruta;10/10/2022/pat29;14:00;0.05869701222411787
pu_SOL_da_demanda_bruta;10/10/2022/pat30;14:30;0.05416735610087579
pu_SOL_da_demanda_bruta;10/10/2022/pat31;15:00;0.04872064101474826
pu_SOL_da_demanda_bruta;10/10/2022/pat32;15:30;0.041545955186648026
pu_SOL_da_demanda_bruta;10/10/2022/pat33;16:00;0.03225641546562573
pu_SOL_da_demanda_bruta;10/10/2022/pat34;16:30;0.021241980017769634
pu_SOL_da_demanda_bruta;10/10/2022/pat35;17:00;0.007027795560493975
pu_SOL_da_demanda_bruta;10/10/2022/pat36;17:30;0.0008491264116057352
pu_SOL_da_demanda_bruta;10/10/2022/pat37;18:00;0.0
pu_SOL_da_demanda_bruta;10/10/2022/pat38;18:30;0.0
pu_SOL_da_demanda_bruta;10/10/2022/pat39;19:00;0.0
pu_SOL_da_demanda_bruta;10/10/2022/pat40;19:30;0.0
pu_SOL_da_demanda_bruta;10/10/2022/pat41;20:00;0.0
pu_SOL_da_demanda_bruta;10/10/2022/pat42;20:30;0.0
pu_SOL_da_demanda_bruta;10/10/2022/pat43;21:00;0.0
pu_SOL_da_demanda_bruta;10/10/2022/pat44;21:30;0.0
pu_SOL_da_demanda_bruta;10/10/2022/pat45;22:00;0.0
pu_SOL_da_demanda_bruta;10/10/2022/pat46;22:30;0.0
pu_SOL_da_demanda_bruta;10/10/2022/pat47;23:00;0.0
pu_SOL_da_demanda_bruta;10/10/2022/pat48;23:30;0.0
pu_SOL_da_demanda_bruta;11/10/2022/pat01;00:00;0.0
pu_SOL_da_demanda_bruta;11/10/2022/pat02;00:30;0.0
pu_SOL_da_demanda_bruta;11/10/2022/pat03;01:00;0.0
pu_SOL_da_demanda_bruta;11/10/2022/pat04;01:30;0.0
pu_SOL_da_demanda_bruta;11/10/2022/pat05;02:00;0.0
pu_SOL_da_demanda_bruta;11/10/2022/pat06;02:30;0.0
pu_SOL_da_demanda_bruta;11/10/2022/pat07;03:00;0.0
pu_SOL_da_demanda_bruta;11/10/2022/pat08;03:30;0.0
pu_SOL_da_demanda_bruta;11/10/2022/pat09;04:00;0.0
pu_SOL_da_demanda_bruta;11/10/2022/pat10;04:30;0.0
pu_SOL_da_demanda_bruta;11/10/2022/pat11;05:00;0.0
pu_SOL_da_demanda_bruta;11/10/2022/pat12;05:30;0.0011815346815756665
pu_SOL_da_demanda_bruta;11/10/2022/pat13;06:00;0.011255923171577677
pu_SOL_da_demanda_bruta;11/10/2022/pat14;06:30;0.025121311182361092
pu_SOL_da_demanda_bruta;11/10/2022/pat15;07:00;0.03717956102656012
pu_SOL_da_demanda_bruta;11/10/2022/pat16;07:30;0.045183751916391686
pu_SOL_da_demanda_bruta;11/10/2022/pat17;08:00;0.050112628933614345
pu_SOL_da_demanda_bruta;11/10/2022/pat18;08:30;0.051660553858788205
pu_SOL_da_demanda_bruta;11/10/2022/pat19;09:00;0.05236600448449173
pu_SOL_da_demanda_bruta;11/10/2022/pat20;09:30;0.05228485248794843
pu_SOL_da_demanda_bruta;11/10/2022/pat21;10:00;0.05257064601927263
pu_SOL_da_demanda_bruta;11/10/2022/pat22;10:30;0.05276769912943476
pu_SOL_da_demanda_bruta;11/10/2022/pat23;11:00;0.05279907069097929
pu_SOL_da_demanda_bruta;11/10/2022/pat24;11:30;0.05286218616045292
pu_SOL_da_demanda_bruta;11/10/2022/pat25;12:00;0.053049505761079606
pu_SOL_da_demanda_bruta;11/10/2022/pat26;12:30;0.05224103491259886
pu_SOL_da_demanda_bruta;11/10/2022/pat27;13:00;0.049688122971336623
pu_SOL_da_demanda_bruta;11/10/2022/pat28;13:30;0.04739068287116537
pu_SOL_da_demanda_bruta;11/10/2022/pat29;14:00;0.045172113026103244
pu_SOL_da_demanda_bruta;11/10/2022/pat30;14:30;0.04327698214516883
pu_SOL_da_demanda_bruta;11/10/2022/pat31;15:00;0.039895423454114703
pu_SOL_da_demanda_bruta;11/10/2022/pat32;15:30;0.034769297760648674
pu_SOL_da_demanda_bruta;11/10/2022/pat33;16:00;0.02597787002150693
pu_SOL_da_demanda_bruta;11/10/2022/pat34;16:30;0.016787756454582407
pu_SOL_da_demanda_bruta;11/10/2022/pat35;17:00;0.005811567091666626
pu_SOL_da_demanda_bruta;11/10/2022/pat36;17:30;0.00043457428010031844
pu_SOL_da_demanda_bruta;11/10/2022/pat37;18:00;0.0
pu_SOL_da_demanda_bruta;11/10/2022/pat38;18:30;0.0
pu_SOL_da_demanda_bruta;11/10/2022/pat39;19:00;0.0
pu_SOL_da_demanda_bruta;11/10/2022/pat40;19:30;0.0
pu_SOL_da_demanda_bruta;11/10/2022/pat41;20:00;0.0
pu_SOL_da_demanda_bruta;11/10/2022/pat42;20:30;0.0
pu_SOL_da_demanda_bruta;11/10/2022/pat43;21:00;0.0
pu_SOL_da_demanda_bruta;11/10/2022/pat44;21:30;0.0
pu_SOL_da_demanda_bruta;11/10/2022/pat45;22:00;0.0
pu_SOL_da_demanda_bruta;11/10/2022/pat46;22:30;0.0
pu_SOL_da_demanda_bruta;11/10/2022/pat47;23:00;0.0
pu_SOL_da_demanda_bruta;11/10/2022/pat48;23:30;0.0
pu_SOL_da_demanda_bruta;12/10/2022/pat01;00:00;0.0
pu_SOL_da_demanda_bruta;12/10/2022/pat02;00:30;0.0
pu_SOL_da_demanda_bruta;12/10/2022/pat03;01:00;0.0
pu_SOL_da_demanda_bruta;12/10/2022/pat04;01:30;0.0
pu_SOL_da_demanda_bruta;12/10/2022/pat05;02:00;0.0
pu_SOL_da_demanda_bruta;12/10/2022/pat06;02:30;0.0
pu_SOL_da_demanda_bruta;12/10/2022/pat07;03:00;0.0
pu_SOL_da_demanda_bruta;12/10/2022/pat08;03:30;0.0
pu_SOL_da_demanda_bruta;12/10/2022/pat09;04:00;0.0
pu_SOL_da_demanda_bruta;12/10/2022/pat10;04:30;0.0
pu_SOL_da_demanda_bruta;12/10/2022/pat11;05:00;0.0
pu_SOL_da_demanda_bruta;12/10/2022/pat12;05:30;0.001391839976398563
pu_SOL_da_demanda_bruta;12/10/2022/pat13;06:00;0.012084673456894676
pu_SOL_da_demanda_bruta;12/10/2022/pat14;06:30;0.02976969653757761
pu_SOL_da_demanda_bruta;12/10/2022/pat15;07:00;0.04393112895831525
pu_SOL_da_demanda_bruta;12/10/2022/pat16;07:30;0.054000262412479266
pu_SOL_da_demanda_bruta;12/10/2022/pat17;08:00;0.06086278042618003
pu_SOL_da_demanda_bruta;12/10/2022/pat18;08:30;0.06389620669897011
pu_SOL_da_demanda_bruta;12/10/2022/pat19;09:00;0.06512980716478738
pu_SOL_da_demanda_bruta;12/10/2022/pat20;09:30;0.06535259876241509
pu_SOL_da_demanda_bruta;12/10/2022/pat21;10:00;0.0660416260228401
pu_SOL_da_demanda_bruta;12/10/2022/pat22;10:30;0.06636577532215315
pu_SOL_da_demanda_bruta;12/10/2022/pat23;11:00;0.06623347600250724
pu_SOL_da_demanda_bruta;12/10/2022/pat24;11:30;0.06559710810940901
pu_SOL_da_demanda_bruta;12/10/2022/pat25;12:00;0.06504464309004065
pu_SOL_da_demanda_bruta;12/10/2022/pat26;12:30;0.0633049573015158
pu_SOL_da_demanda_bruta;12/10/2022/pat27;13:00;0.06058830096001197
pu_SOL_da_demanda_bruta;12/10/2022/pat28;13:30;0.058292134165621554
pu_SOL_da_demanda_bruta;12/10/2022/pat29;14:00;0.055430142583033984
pu_SOL_da_demanda_bruta;12/10/2022/pat30;14:30;0.053214065787223354
pu_SOL_da_demanda_bruta;12/10/2022/pat31;15:00;0.049160547892958206
pu_SOL_da_demanda_bruta;12/10/2022/pat32;15:30;0.042604336327925214
pu_SOL_da_demanda_bruta;12/10/2022/pat33;16:00;0.031359830897745335
pu_SOL_da_demanda_bruta;12/10/2022/pat34;16:30;0.021227795558699067
pu_SOL_da_demanda_bruta;12/10/2022/pat35;17:00;0.006343643837968899
pu_SOL_da_demanda_bruta;12/10/2022/pat36;17:30;0.000578908817201003
pu_SOL_da_demanda_bruta;12/10/2022/pat37;18:00;3.3730617964083283e-05
pu_SOL_da_demanda_bruta;12/10/2022/pat38;18:30;0.0
pu_SOL_da_demanda_bruta;12/10/2022/pat39;19:00;0.0
pu_SOL_da_demanda_bruta;12/10/2022/pat40;19:30;0.0
pu_SOL_da_demanda_bruta;12/10/2022/pat41;20:00;0.0
pu_SOL_da_demanda_bruta;12/10/2022/pat42;20:30;0.0
pu_SOL_da_demanda_bruta;12/10/2022/pat43;21:00;0.0
pu_SOL_da_demanda_bruta;12/10/2022/pat44;21:30;0.0
pu_SOL_da_demanda_bruta;12/10/2022/pat45;22:00;0.0
pu_SOL_da_demanda_bruta;12/10/2022/pat46;22:30;0.0
pu_SOL_da_demanda_bruta;12/10/2022/pat47;23:00;0.0
pu_SOL_da_demanda_bruta;12/10/2022/pat48;23:30;0.0
pu_SOL_da_demanda_bruta;13/10/2022/pat01;00:00;0.0
pu_SOL_da_demanda_bruta;13/10/2022/pat02;00:30;0.0
pu_SOL_da_demanda_bruta;13/10/2022/pat03;01:00;0.0
pu_SOL_da_demanda_bruta;13/10/2022/pat04;01:30;0.0
pu_SOL_da_demanda_bruta;13/10/2022/pat05;02:00;0.0
pu_SOL_da_demanda_bruta;13/10/2022/pat06;02:30;0.0
pu_SOL_da_demanda_bruta;13/10/2022/pat07;03:00;0.0
pu_SOL_da_demanda_bruta;13/10/2022/pat08;03:30;0.0
pu_SOL_da_demanda_bruta;13/10/2022/pat09;04:00;0.0
pu_SOL_da_demanda_bruta;13/10/2022/pat10;04:30;0.0
pu_SOL_da_demanda_bruta;13/10/2022/pat11;05:00;0.0
pu_SOL_da_demanda_bruta;13/10/2022/pat12;05:30;0.0014705707850833144
pu_SOL_da_demanda_bruta;13/10/2022/pat13;06:00;0.01205204246666337
pu_SOL_da_demanda_bruta;13/10/2022/pat14;06:30;0.02703228698344487
pu_SOL_da_demanda_bruta;13/10/2022/pat15;07:00;0.039536129096394895
pu_SOL_da_demanda_bruta;13/10/2022/pat16;07:30;0.047569912811208585
pu_SOL_da_demanda_bruta;13/10/2022/pat17;08:00;0.05263833217698562
pu_SOL_da_demanda_bruta;13/10/2022/pat18;08:30;0.054248931406637564
pu_SOL_da_demanda_bruta;13/10/2022/pat19;09:00;0.05456210767629868
pu_SOL_da_demanda_bruta;13/10/2022/pat20;09:30;0.05471126973696463
pu_SOL_da_demanda_bruta;13/10/2022/pat21;10:00;0.05487310644284814
pu_SOL_da_demanda_bruta;13/10/2022/pat22;10:30;0.05473782608924963
pu_SOL_da_demanda_bruta;13/10/2022/pat23;11:00;0.054776102773514405
pu_SOL_da_demanda_bruta;13/10/2022/pat24;11:30;0.05448166414131336
pu_SOL_da_demanda_bruta;13/10/2022/pat25;12:00;0.05416003263352059
pu_SOL_da_demanda_bruta;13/10/2022/pat26;12:30;0.05251089635262313
pu_SOL_da_demanda_bruta;13/10/2022/pat27;13:00;0.049737978378463
pu_SOL_da_demanda_bruta;13/10/2022/pat28;13:30;0.04639481387032951
pu_SOL_da_demanda_bruta;13/10/2022/pat29;14:00;0.04275976182386285
pu_SOL_da_demanda_bruta;13/10/2022/pat30;14:30;0.039664150851000377
pu_SOL_da_demanda_bruta;13/10/2022/pat31;15:00;0.03570490439125099
pu_SOL_da_demanda_bruta;13/10/2022/pat32;15:30;0.03064448595369364
pu_SOL_da_demanda_bruta;13/10/2022/pat33;16:00;0.023088996077969905
pu_SOL_da_demanda_bruta;13/10/2022/pat34;16:30;0.015811824475127665
pu_SOL_da_demanda_bruta;13/10/2022/pat35;17:00;0.005205403284695286
pu_SOL_da_demanda_bruta;13/10/2022/pat36;17:30;0.0006814061323472747
pu_SOL_da_demanda_bruta;13/10/2022/pat37;18:00;6.613288979495255e-05
pu_SOL_da_demanda_bruta;13/10/2022/pat38;18:30;0.0
pu_SOL_da_demanda_bruta;13/10/2022/pat39;19:00;0.0
pu_SOL_da_demanda_bruta;13/10/2022/pat40;19:30;0.0
pu_SOL_da_demanda_bruta;13/10/2022/pat41;20:00;0.0
pu_SOL_da_demanda_bruta;13/10/2022/pat42;20:30;0.0
pu_SOL_da_demanda_bruta;13/10/2022/pat43;21:00;0.0
pu_SOL_da_demanda_bruta;13/10/2022/pat44;21:30;0.0
pu_SOL_da_demanda_bruta;13/10/2022/pat45;22:00;0.0
pu_SOL_da_demanda_bruta;13/10/2022/pat46;22:30;0.0
pu_SOL_da_demanda_bruta;13/10/2022/pat47;23:00;0.0
pu_SOL_da_demanda_bruta;13/10/2022/pat48;23:30;0.0
pu_SOL_da_demanda_bruta;14/10/2022/pat01;00:00;0.0
pu_SOL_da_demanda_bruta;14/10/2022/pat02;00:30;0.0
pu_SOL_da_demanda_bruta;14/10/2022/pat03;01:00;0.0
pu_SOL_da_demanda_bruta;14/10/2022/pat04;01:30;0.0
pu_SOL_da_demanda_bruta;14/10/2022/pat05;02:00;0.0
pu_SOL_da_demanda_bruta;14/10/2022/pat06;02:30;0.0
pu_SOL_da_demanda_bruta;14/10/2022/pat07;03:00;0.0
pu_SOL_da_demanda_bruta;14/10/2022/pat08;03:30;0.0
pu_SOL_da_demanda_bruta;14/10/2022/pat09;04:00;0.0
pu_SOL_da_demanda_bruta;14/10/2022/pat10;04:30;0.0
pu_SOL_da_demanda_bruta;14/10/2022/pat11;05:00;0.0
pu_SOL_da_demanda_bruta;14/10/2022/pat12;05:30;0.0016660315370603859
pu_SOL_da_demanda_bruta;14/10/2022/pat13;06:00;0.011505555821882833
pu_SOL_da_demanda_bruta;14/10/2022/pat14;06:30;0.030681464237955293
pu_SOL_da_demanda_bruta;14/10/2022/pat15;07:00;0.043777792078162285
pu_SOL_da_demanda_bruta;14/10/2022/pat16;07:30;0.04788875441683264
pu_SOL_da_demanda_bruta;14/10/2022/pat17;08:00;0.04847176844752483
pu_SOL_da_demanda_bruta;14/10/2022/pat18;08:30;0.0489709534183085
pu_SOL_da_demanda_bruta;14/10/2022/pat19;09:00;0.04932988604493702
pu_SOL_da_demanda_bruta;14/10/2022/pat20;09:30;0.049545201745649345
pu_SOL_da_demanda_bruta;14/10/2022/pat21;10:00;0.04949827505989248
pu_SOL_da_demanda_bruta;14/10/2022/pat22;10:30;0.049430372808371245
pu_SOL_da_demanda_bruta;14/10/2022/pat23;11:00;0.04962361663965641
pu_SOL_da_demanda_bruta;14/10/2022/pat24;11:30;0.049945395079816164
pu_SOL_da_demanda_bruta;14/10/2022/pat25;12:00;0.05064489702037557
pu_SOL_da_demanda_bruta;14/10/2022/pat26;12:30;0.05038229514458103
pu_SOL_da_demanda_bruta;14/10/2022/pat27;13:00;0.049088635545337336
pu_SOL_da_demanda_bruta;14/10/2022/pat28;13:30;0.04764186737140808
pu_SOL_da_demanda_bruta;14/10/2022/pat29;14:00;0.04569301412826263
pu_SOL_da_demanda_bruta;14/10/2022/pat30;14:30;0.04413850798319593
pu_SOL_da_demanda_bruta;14/10/2022/pat31;15:00;0.041591643346331315
pu_SOL_da_demanda_bruta;14/10/2022/pat32;15:30;0.03739883329533582
pu_SOL_da_demanda_bruta;14/10/2022/pat33;16:00;0.02885620285323644
pu_SOL_da_demanda_bruta;14/10/2022/pat34;16:30;0.01912321883864006
pu_SOL_da_demanda_bruta;14/10/2022/pat35;17:00;0.00590400011510362
pu_SOL_da_demanda_bruta;14/10/2022/pat36;17:30;0.0006564122922167884
pu_SOL_da_demanda_bruta;14/10/2022/pat37;18:00;2.3640647482310488e-05
pu_SOL_da_demanda_bruta;14/10/2022/pat38;18:30;0.0
pu_SOL_da_demanda_bruta;14/10/2022/pat39;19:00;0.0
pu_SOL_da_demanda_bruta;14/10/2022/pat40;19:30;0.0
pu_SOL_da_demanda_bruta;14/10/2022/pat41;20:00;0.0
pu_SOL_da_demanda_bruta;14/10/2022/pat42;20:30;0.0
pu_SOL_da_demanda_bruta;14/10/2022/pat43;21:00;0.0
pu_SOL_da_demanda_bruta;14/10/2022/pat44;21:30;0.0
pu_SOL_da_demanda_bruta;14/10/2022/pat45;22:00;0.0
pu_SOL_da_demanda_bruta;14/10/2022/pat46;22:30;0.0
pu_SOL_da_demanda_bruta;14/10/2022/pat47;23:00;0.0
pu_SOL_da_demanda_bruta;14/10/2022/pat48;23:30;0.0
pu_SOL_da_demanda_bruta;15/10/2022/pat01;00:00;0.0
pu_SOL_da_demanda_bruta;15/10/2022/pat02;00:30;0.0
pu_SOL_da_demanda_bruta;15/10/2022/pat03;01:00;0.0
pu_SOL_da_demanda_bruta;15/10/2022/pat04;01:30;0.0
pu_SOL_da_demanda_bruta;15/10/2022/pat05;02:00;0.0
pu_SOL_da_demanda_bruta;15/10/2022/pat06;02:30;0.0
pu_SOL_da_demanda_bruta;15/10/2022/pat07;03:00;0.0
pu_SOL_da_demanda_bruta;15/10/2022/pat08;03:30;0.0
pu_SOL_da_demanda_bruta;15/10/2022/pat09;04:00;0.0
pu_SOL_da_demanda_bruta;15/10/2022/pat10;04:30;0.0
pu_SOL_da_demanda_bruta;15/10/2022/pat11;05:00;0.0
pu_SOL_da_demanda_bruta;15/10/2022/pat12;05:30;0.0014453519133155186
pu_SOL_da_demanda_bruta;15/10/2022/pat13;06:00;0.012801464921278642
pu_SOL_da_demanda_bruta;15/10/2022/pat14;06:30;0.03158087593468347
pu_SOL_da_demanda_bruta;15/10/2022/pat15;07:00;0.046569163340290015
pu_SOL_da_demanda_bruta;15/10/2022/pat16;07:30;0.05576851971180844
pu_SOL_da_demanda_bruta;15/10/2022/pat17;08:00;0.06060511500382543
pu_SOL_da_demanda_bruta;15/10/2022/pat18;08:30;0.062188772476020664
pu_SOL_da_demanda_bruta;15/10/2022/pat19;09:00;0.06265354237927827
pu_SOL_da_demanda_bruta;15/10/2022/pat20;09:30;0.06325569371933883
pu_SOL_da_demanda_bruta;15/10/2022/pat21;10:00;0.06357038519845527
pu_SOL_da_demanda_bruta;15/10/2022/pat22;10:30;0.06390808520399344
pu_SOL_da_demanda_bruta;15/10/2022/pat23;11:00;0.06421665185539047
pu_SOL_da_demanda_bruta;15/10/2022/pat24;11:30;0.0640329941715404
pu_SOL_da_demanda_bruta;15/10/2022/pat25;12:00;0.06364160747478549
pu_SOL_da_demanda_bruta;15/10/2022/pat26;12:30;0.062419941049305254
pu_SOL_da_demanda_bruta;15/10/2022/pat27;13:00;0.06100744660286684
pu_SOL_da_demanda_bruta;15/10/2022/pat28;13:30;0.0580562673864503
pu_SOL_da_demanda_bruta;15/10/2022/pat29;14:00;0.05405602747390228
pu_SOL_da_demanda_bruta;15/10/2022/pat30;14:30;0.049686991373186835
pu_SOL_da_demanda_bruta;15/10/2022/pat31;15:00;0.04401113834594647
pu_SOL_da_demanda_bruta;15/10/2022/pat32;15:30;0.03693047987543252
pu_SOL_da_demanda_bruta;15/10/2022/pat33;16:00;0.025251075375042575
pu_SOL_da_demanda_bruta;15/10/2022/pat34;16:30;0.01615727324188639
pu_SOL_da_demanda_bruta;15/10/2022/pat35;17:00;0.004507536677497564
pu_SOL_da_demanda_bruta;15/10/2022/pat36;17:30;0.0002679263534793096
pu_SOL_da_demanda_bruta;15/10/2022/pat37;18:00;0.0
pu_SOL_da_demanda_bruta;15/10/2022/pat38;18:30;0.0
pu_SOL_da_demanda_bruta;15/10/2022/pat39;19:00;0.0
pu_SOL_da_demanda_bruta;15/10/2022/pat40;19:30;0.0
pu_SOL_da_demanda_bruta;15/10/2022/pat41;20:00;0.0
pu_SOL_da_demanda_bruta;15/10/2022/pat42;20:30;0.0
pu_SOL_da_demanda_bruta;15/10/2022/pat43;21:00;0.0
pu_SOL_da_demanda_bruta;15/10/2022/pat44;21:30;0.0
pu_SOL_da_demanda_bruta;15/10/2022/pat45;22:00;0.0
pu_SOL_da_demanda_bruta;15/10/2022/pat46;22:30;0.0
pu_SOL_da_demanda_bruta;15/10/2022/pat47;23:00;0.0
pu_SOL_da_demanda_bruta;15/10/2022/pat48;23:30;0.0
pu_SOL_da_demanda_bruta;16/10/2022/pat01;00:00;0.0
pu_SOL_da_demanda_bruta;16/10/2022/pat02;00:30;0.0
pu_SOL_da_demanda_bruta;16/10/2022/pat03;01:00;0.0
pu_SOL_da_demanda_bruta;16/10/2022/pat04;01:30;0.0
pu_SOL_da_demanda_bruta;16/10/2022/pat05;02:00;0.0
pu_SOL_da_demanda_bruta;16/10/2022/pat06;02:30;0.0
pu_SOL_da_demanda_bruta;16/10/2022/pat07;03:00;0.0
pu_SOL_da_demanda_bruta;16/10/2022/pat08;03:30;0.0
pu_SOL_da_demanda_bruta;16/10/2022/pat09;04:00;0.0
pu_SOL_da_demanda_bruta;16/10/2022/pat10;04:30;0.0
pu_SOL_da_demanda_bruta;16/10/2022/pat11;05:00;0.0
pu_SOL_da_demanda_bruta;16/10/2022/pat12;05:30;0.0015697278009475931
pu_SOL_da_demanda_bruta;16/10/2022/pat13;06:00;0.013483651810433067
pu_SOL_da_demanda_bruta;16/10/2022/pat14;06:30;0.03050434660467665
pu_SOL_da_demanda_bruta;16/10/2022/pat15;07:00;0.045974102365852074
pu_SOL_da_demanda_bruta;16/10/2022/pat16;07:30;0.05555496757568285
pu_SOL_da_demanda_bruta;16/10/2022/pat17;08:00;0.06331389092912033
pu_SOL_da_demanda_bruta;16/10/2022/pat18;08:30;0.06638652289733328
pu_SOL_da_demanda_bruta;16/10/2022/pat19;09:00;0.06802898238248051
pu_SOL_da_demanda_bruta;16/10/2022/pat20;09:30;0.06907238379684266
pu_SOL_da_demanda_bruta;16/10/2022/pat21;10:00;0.06967450639627099
pu_SOL_da_demanda_bruta;16/10/2022/pat22;10:30;0.06946461542490506
pu_SOL_da_demanda_bruta;16/10/2022/pat23;11:00;0.06872802550654211
pu_SOL_da_demanda_bruta;16/10/2022/pat24;11:30;0.06767202828520369
pu_SOL_da_demanda_bruta;16/10/2022/pat25;12:00;0.06675131993324776
pu_SOL_da_demanda_bruta;16/10/2022/pat26;12:30;0.06550512460650652
pu_SOL_da_demanda_bruta;16/10/2022/pat27;13:00;0.0638986500319938
pu_SOL_da_demanda_bruta;16/10/2022/pat28;13:30;0.06152203047392079
pu_SOL_da_demanda_bruta;16/10/2022/pat29;14:00;0.058382610178395994
pu_SOL_da_demanda_bruta;16/10/2022/pat30;14:30;0.05408150718788944
pu_SOL_da_demanda_bruta;16/10/2022/pat31;15:00;0.047393321243427364
pu_SOL_da_demanda_bruta;16/10/2022/pat32;15:30;0.039895536077190076
pu_SOL_da_demanda_bruta;16/10/2022/pat33;16:00;0.02955259771065637
pu_SOL_da_demanda_bruta;16/10/2022/pat34;16:30;0.018396710148318115
pu_SOL_da_demanda_bruta;16/10/2022/pat35;17:00;0.006487794032050101
pu_SOL_da_demanda_bruta;16/10/2022/pat36;17:30;0.0006113097062064645
pu_SOL_da_demanda_bruta;16/10/2022/pat37;18:00;0.0
pu_SOL_da_demanda_bruta;16/10/2022/pat38;18:30;0.0
pu_SOL_da_demanda_bruta;16/10/2022/pat39;19:00;0.0
pu_SOL_da_demanda_bruta;16/10/2022/pat40;19:30;0.0
pu_SOL_da_demanda_bruta;16/10/2022/pat41;20:00;0.0
pu_SOL_da_demanda_bruta;16/10/2022/pat42;20:30;0.0
pu_SOL_da_demanda_bruta;16/10/2022/pat43;21:00;0.0
pu_SOL_da_demanda_bruta;16/10/2022/pat44;21:30;0.0
pu_SOL_da_demanda_bruta;16/10/2022/pat45;22:00;0.0
pu_SOL_da_demanda_bruta;16/10/2022/pat46;22:30;0.0
pu_SOL_da_demanda_bruta;16/10/2022/pat47;23:00;0.0
pu_SOL_da_demanda_bruta;16/10/2022/pat48;23:30;0.0
pu_SOL_da_demanda_bruta;17/10/2022/pat01;00:00;0.0
pu_SOL_da_demanda_bruta;17/10/2022/pat02;00:30;0.0
pu_SOL_da_demanda_bruta;17/10/2022/pat03;01:00;0.0
pu_SOL_da_demanda_bruta;17/10/2022/pat04;01:30;0.0
pu_SOL_da_demanda_bruta;17/10/2022/pat05;02:00;0.0
pu_SOL_da_demanda_bruta;17/10/2022/pat06;02:30;0.0
pu_SOL_da_demanda_bruta;17/10/2022/pat07;03:00;0.0
pu_SOL_da_demanda_bruta;17/10/2022/pat08;03:30;0.0
pu_SOL_da_demanda_bruta;17/10/2022/pat09;04:00;0.0
pu_SOL_da_demanda_bruta;17/10/2022/pat10;04:30;0.0
pu_SOL_da_demanda_bruta;17/10/2022/pat11;05:00;0.0
pu_SOL_da_demanda_bruta;17/10/2022/pat12;05:30;0.0014418550689638213
pu_SOL_da_demanda_bruta;17/10/2022/pat13;06:00;0.011091289793058746
pu_SOL_da_demanda_bruta;17/10/2022/pat14;06:30;0.02736413306567433
pu_SOL_da_demanda_bruta;17/10/2022/pat15;07:00;0.038994957186035156
pu_SOL_da_demanda_bruta;17/10/2022/pat16;07:30;0.04548014810954967
pu_SOL_da_demanda_bruta;17/10/2022/pat17;08:00;0.047392015300998236
pu_SOL_da_demanda_bruta;17/10/2022/pat18;08:30;0.04817113054714644
pu_SOL_da_demanda_bruta;17/10/2022/pat19;09:00;0.04861744972711625
pu_SOL_da_demanda_bruta;17/10/2022/pat20;09:30;0.04927410855358763
pu_SOL_da_demanda_bruta;17/10/2022/pat21;10:00;0.049689666642102254
pu_SOL_da_demanda_bruta;17/10/2022/pat22;10:30;0.050064014518432925
pu_SOL_da_demanda_bruta;17/10/2022/pat23;11:00;0.05037961754626223
pu_SOL_da_demanda_bruta;17/10/2022/pat24;11:30;0.050665280450651835
pu_SOL_da_demanda_bruta;17/10/2022/pat25;12:00;0.05113865407146087
pu_SOL_da_demanda_bruta;17/10/2022/pat26;12:30;0.05052877775455125
pu_SOL_da_demanda_bruta;17/10/2022/pat27;13:00;0.048818109284339356
pu_SOL_da_demanda_bruta;17/10/2022/pat28;13:30;0.04685555763511411
pu_SOL_da_demanda_bruta;17/10/2022/pat29;14:00;0.0448002297323971
pu_SOL_da_demanda_bruta;17/10/2022/pat30;14:30;0.04296535173189894
pu_SOL_da_demanda_bruta;17/10/2022/pat31;15:00;0.040441758770002285
pu_SOL_da_demanda_bruta;17/10/2022/pat32;15:30;0.036619465307339276
pu_SOL_da_demanda_bruta;17/10/2022/pat33;16:00;0.029922328302528393
pu_SOL_da_demanda_bruta;17/10/2022/pat34;16:30;0.019053301772024238
pu_SOL_da_demanda_bruta;17/10/2022/pat35;17:00;0.006089495262475632
pu_SOL_da_demanda_bruta;17/10/2022/pat36;17:30;0.0005966165299633567
pu_SOL_da_demanda_bruta;17/10/2022/pat37;18:00;3.192706617843142e-05
pu_SOL_da_demanda_bruta;17/10/2022/pat38;18:30;0.0
pu_SOL_da_demanda_bruta;17/10/2022/pat39;19:00;0.0
pu_SOL_da_demanda_bruta;17/10/2022/pat40;19:30;0.0
pu_SOL_da_demanda_bruta;17/10/2022/pat41;20:00;0.0
pu_SOL_da_demanda_bruta;17/10/2022/pat42;20:30;0.0
pu_SOL_da_demanda_bruta;17/10/2022/pat43;21:00;0.0
pu_SOL_da_demanda_bruta;17/10/2022/pat44;21:30;0.0
pu_SOL_da_demanda_bruta;17/10/2022/pat45;22:00;0.0
pu_SOL_da_demanda_bruta;17/10/2022/pat46;22:30;0.0
pu_SOL_da_demanda_bruta;17/10/2022/pat47;23:00;0.0
pu_SOL_da_demanda_bruta;17/10/2022/pat48;23:30;0.0
pu_SOL_da_demanda_bruta;18/10/2022/pat01;00:00;0.0
pu_SOL_da_demanda_bruta;18/10/2022/pat02;00:30;0.0
pu_SOL_da_demanda_bruta;18/10/2022/pat03;01:00;0.0
pu_SOL_da_demanda_bruta;18/10/2022/pat04;01:30;0.0
pu_SOL_da_demanda_bruta;18/10/2022/pat05;02:00;0.0
pu_SOL_da_demanda_bruta;18/10/2022/pat06;02:30;0.0
pu_SOL_da_demanda_bruta;18/10/2022/pat07;03:00;0.0
pu_SOL_da_demanda_bruta;18/10/2022/pat08;03:30;0.0
pu_SOL_da_demanda_bruta;18/10/2022/pat09;04:00;0.0
pu_SOL_da_demanda_bruta;18/10/2022/pat10;04:30;0.0
pu_SOL_da_demanda_bruta;18/10/2022/pat11;05:00;0.0
pu_SOL_da_demanda_bruta;18/10/2022/pat12;05:30;0.0016439830609363707
pu_SOL_da_demanda_bruta;18/10/2022/pat13;06:00;0.009539128324138339
pu_SOL_da_demanda_bruta;18/10/2022/pat14;06:30;0.026564353178825578
pu_SOL_da_demanda_bruta;18/10/2022/pat15;07:00;0.0389669536764267
pu_SOL_da_demanda_bruta;18/10/2022/pat16;07:30;0.04617533141276412
pu_SOL_da_demanda_bruta;18/10/2022/pat17;08:00;0.04952084399553383
pu_SOL_da_demanda_bruta;18/10/2022/pat18;08:30;0.05116414924535304
pu_SOL_da_demanda_bruta;18/10/2022/pat19;09:00;0.05219354041704797
pu_SOL_da_demanda_bruta;18/10/2022/pat20;09:30;0.052839757973893
pu_SOL_da_demanda_bruta;18/10/2022/pat21;10:00;0.053353578770240176
pu_SOL_da_demanda_bruta;18/10/2022/pat22;10:30;0.05331603144388769
pu_SOL_da_demanda_bruta;18/10/2022/pat23;11:00;0.053494614695041826
pu_SOL_da_demanda_bruta;18/10/2022/pat24;11:30;0.05378989237129115
pu_SOL_da_demanda_bruta;18/10/2022/pat25;12:00;0.05444937265505364
pu_SOL_da_demanda_bruta;18/10/2022/pat26;12:30;0.05392465833782444
pu_SOL_da_demanda_bruta;18/10/2022/pat27;13:00;0.05238359016449747
pu_SOL_da_demanda_bruta;18/10/2022/pat28;13:30;0.049553797720976886
pu_SOL_da_demanda_bruta;18/10/2022/pat29;14:00;0.0471710707708162
pu_SOL_da_demanda_bruta;18/10/2022/pat30;14:30;0.045517634557607226
pu_SOL_da_demanda_bruta;18/10/2022/pat31;15:00;0.042497149282103346
pu_SOL_da_demanda_bruta;18/10/2022/pat32;15:30;0.03739761410658903
pu_SOL_da_demanda_bruta;18/10/2022/pat33;16:00;0.030479551385783937
pu_SOL_da_demanda_bruta;18/10/2022/pat34;16:30;0.019673953998469895
pu_SOL_da_demanda_bruta;18/10/2022/pat35;17:00;0.006621996470031475
pu_SOL_da_demanda_bruta;18/10/2022/pat36;17:30;0.0008110438216677583
pu_SOL_da_demanda_bruta;18/10/2022/pat37;18:00;2.3832842587375327e-05
pu_SOL_da_demanda_bruta;18/10/2022/pat38;18:30;0.0
pu_SOL_da_demanda_bruta;18/10/2022/pat39;19:00;0.0
pu_SOL_da_demanda_bruta;18/10/2022/pat40;19:30;0.0
pu_SOL_da_demanda_bruta;18/10/2022/pat41;20:00;0.0
pu_SOL_da_demanda_bruta;18/10/2022/pat42;20:30;0.0
pu_SOL_da_demanda_bruta;18/10/2022/pat43;21:00;0.0
pu_SOL_da_demanda_bruta;18/10/2022/pat44;21:30;0.0
pu_SOL_da_demanda_bruta;18/10/2022/pat45;22:00;0.0
pu_SOL_da_demanda_bruta;18/10/2022/pat46;22:30;0.0
pu_SOL_da_demanda_bruta;18/10/2022/pat47;23:00;0.0
pu_SOL_da_demanda_bruta;18/10/2022/pat48;23:30;0.0
pu_SOL_da_demanda_bruta;19/10/2022/pat01;00:00;0.0
pu_SOL_da_demanda_bruta;19/10/2022/pat02;00:30;0.0
pu_SOL_da_demanda_bruta;19/10/2022/pat03;01:00;0.0
pu_SOL_da_demanda_bruta;19/10/2022/pat04;01:30;0.0
pu_SOL_da_demanda_bruta;19/10/2022/pat05;02:00;0.0
pu_SOL_da_demanda_bruta;19/10/2022/pat06;02:30;0.0
pu_SOL_da_demanda_bruta;19/10/2022/pat07;03:00;0.0
pu_SOL_da_demanda_bruta;19/10/2022/pat08;03:30;0.0
pu_SOL_da_demanda_bruta;19/10/2022/pat09;04:00;0.0
pu_SOL_da_demanda_bruta;19/10/2022/pat10;04:30;0.0
pu_SOL_da_demanda_bruta;19/10/2022/pat11;05:00;0.0
pu_SOL_da_demanda_bruta;19/10/2022/pat12;05:30;0.001342515421673938
pu_SOL_da_demanda_bruta;19/10/2022/pat13;06:00;0.010727032254192023
pu_SOL_da_demanda_bruta;19/10/2022/pat14;06:30;0.026847461047332214
pu_SOL_da_demanda_bruta;19/10/2022/pat15;07:00;0.03750683166353068
pu_SOL_da_demanda_bruta;19/10/2022/pat16;07:30;0.045644590687492964
pu_SOL_da_demanda_bruta;19/10/2022/pat17;08:00;0.05048265854468507
pu_SOL_da_demanda_bruta;19/10/2022/pat18;08:30;0.05241405467377576
pu_SOL_da_demanda_bruta;19/10/2022/pat19;09:00;0.05287218203589548
pu_SOL_da_demanda_bruta;19/10/2022/pat20;09:30;0.05314635657049194
pu_SOL_da_demanda_bruta;19/10/2022/pat21;10:00;0.05327471418780366
pu_SOL_da_demanda_bruta;19/10/2022/pat22;10:30;0.053455450839701144
pu_SOL_da_demanda_bruta;19/10/2022/pat23;11:00;0.05388278122976278
pu_SOL_da_demanda_bruta;19/10/2022/pat24;11:30;0.05472836428683208
pu_SOL_da_demanda_bruta;19/10/2022/pat25;12:00;0.05503367288591851
pu_SOL_da_demanda_bruta;19/10/2022/pat26;12:30;0.05413254478247401
pu_SOL_da_demanda_bruta;19/10/2022/pat27;13:00;0.05120798701953637
pu_SOL_da_demanda_bruta;19/10/2022/pat28;13:30;0.047985134338865094
pu_SOL_da_demanda_bruta;19/10/2022/pat29;14:00;0.04495861944659592
pu_SOL_da_demanda_bruta;19/10/2022/pat30;14:30;0.04249372536667792
pu_SOL_da_demanda_bruta;19/10/2022/pat31;15:00;0.0390113954914675
pu_SOL_da_demanda_bruta;19/10/2022/pat32;15:30;0.03356521194656651
pu_SOL_da_demanda_bruta;19/10/2022/pat33;16:00;0.026809054413014087
pu_SOL_da_demanda_bruta;19/10/2022/pat34;16:30;0.017730949592911053
pu_SOL_da_demanda_bruta;19/10/2022/pat35;17:00;0.005284505461231107
pu_SOL_da_demanda_bruta;19/10/2022/pat36;17:30;0.000514934148909413
pu_SOL_da_demanda_bruta;19/10/2022/pat37;18:00;2.4478419362948957e-05
pu_SOL_da_demanda_bruta;19/10/2022/pat38;18:30;0.0
pu_SOL_da_demanda_bruta;19/10/2022/pat39;19:00;0.0
pu_SOL_da_demanda_bruta;19/10/2022/pat40;19:30;0.0
pu_SOL_da_demanda_bruta;19/10/2022/pat41;20:00;0.0
pu_SOL_da_demanda_bruta;19/10/2022/pat42;20:30;0.0
pu_SOL_da_demanda_bruta;19/10/2022/pat43;21:00;0.0
pu_SOL_da_demanda_bruta;19/10/2022/pat44;21:30;0.0
pu_SOL_da_demanda_bruta;19/10/2022/pat45;22:00;0.0
pu_SOL_da_demanda_bruta;19/10/2022/pat46;22:30;0.0
pu_SOL_da_demanda_bruta;19/10/2022/pat47;23:00;0.0
pu_SOL_da_demanda_bruta;19/10/2022/pat48;23:30;0.0
pu_SOL_da_demanda_bruta;20/10/2022/pat01;00:00;0.0
pu_SOL_da_demanda_bruta;20/10/2022/pat02;00:30;0.0
pu_SOL_da_demanda_bruta;20/10/2022/pat03;01:00;0.0
pu_SOL_da_demanda_bruta;20/10/2022/pat04;01:30;0.0
pu_SOL_da_demanda_bruta;20/10/2022/pat05;02:00;0.0
pu_SOL_da_demanda_bruta;20/10/2022/pat06;02:30;0.0
pu_SOL_da_demanda_bruta;20/10/2022/pat07;03:00;0.0
pu_SOL_da_demanda_bruta;20/10/2022/pat08;03:30;0.0
pu_SOL_da_demanda_bruta;20/10/2022/pat09;04:00;0.0
pu_SOL_da_demanda_bruta;20/10/2022/pat10;04:30;0.0
pu_SOL_da_demanda_bruta;20/10/2022/pat11;05:00;0.0
pu_SOL_da_demanda_bruta;20/10/2022/pat12;05:30;0.0032481898864165086
pu_SOL_da_demanda_bruta;20/10/2022/pat13;06:00;0.014631984930131297
pu_SOL_da_demanda_bruta;20/10/2022/pat14;06:30;0.030184370326638184
pu_SOL_da_demanda_bruta;20/10/2022/pat15;07:00;0.04337798712499269
pu_SOL_da_demanda_bruta;20/10/2022/pat16;07:30;0.053000096234011244
pu_SOL_da_demanda_bruta;20/10/2022/pat17;08:00;0.058203627334947605
pu_SOL_da_demanda_bruta;20/10/2022/pat18;08:30;0.06069348375898258
pu_SOL_da_demanda_bruta;20/10/2022/pat19;09:00;0.06202212991818015
pu_SOL_da_demanda_bruta;20/10/2022/pat20;09:30;0.06221628286582366
pu_SOL_da_demanda_bruta;20/10/2022/pat21;10:00;0.062186134080674256
pu_SOL_da_demanda_bruta;20/10/2022/pat22;10:30;0.06216978160704532
pu_SOL_da_demanda_bruta;20/10/2022/pat23;11:00;0.06222895921585842
pu_SOL_da_demanda_bruta;20/10/2022/pat24;11:30;0.062174831899742884
pu_SOL_da_demanda_bruta;20/10/2022/pat25;12:00;0.06216701900265176
pu_SOL_da_demanda_bruta;20/10/2022/pat26;12:30;0.060643237180634565
pu_SOL_da_demanda_bruta;20/10/2022/pat27;13:00;0.05705648754197789
pu_SOL_da_demanda_bruta;20/10/2022/pat28;13:30;0.05251877213903484
pu_SOL_da_demanda_bruta;20/10/2022/pat29;14:00;0.047549662270208334
pu_SOL_da_demanda_bruta;20/10/2022/pat30;14:30;0.04178903244455946
pu_SOL_da_demanda_bruta;20/10/2022/pat31;15:00;0.03545844985763052
pu_SOL_da_demanda_bruta;20/10/2022/pat32;15:30;0.028925910368368415
pu_SOL_da_demanda_bruta;20/10/2022/pat33;16:00;0.02148939621899082
pu_SOL_da_demanda_bruta;20/10/2022/pat34;16:30;0.0135099798814301
pu_SOL_da_demanda_bruta;20/10/2022/pat35;17:00;0.0037559786834064973
pu_SOL_da_demanda_bruta;20/10/2022/pat36;17:30;0.0004163158927106935
pu_SOL_da_demanda_bruta;20/10/2022/pat37;18:00;8.056849416152215e-05
pu_SOL_da_demanda_bruta;20/10/2022/pat38;18:30;0.0
pu_SOL_da_demanda_bruta;20/10/2022/pat39;19:00;0.0
pu_SOL_da_demanda_bruta;20/10/2022/pat40;19:30;0.0
pu_SOL_da_demanda_bruta;20/10/2022/pat41;20:00;0.0
pu_SOL_da_demanda_bruta;20/10/2022/pat42;20:30;0.0
pu_SOL_da_demanda_bruta;20/10/2022/pat43;21:00;0.0
pu_SOL_da_demanda_bruta;20/10/2022/pat44;21:30;0.0
pu_SOL_da_demanda_bruta;20/10/2022/pat45;22:00;0.0
pu_SOL_da_demanda_bruta;20/10/2022/pat46;22:30;0.0
pu_SOL_da_demanda_bruta;20/10/2022/pat47;23:00;0.0
pu_SOL_da_demanda_bruta;20/10/2022/pat48;23:30;0.0
pu_SOL_da_demanda_bruta;21/10/2022/pat01;00:00;0.0
pu_SOL_da_demanda_bruta;21/10/2022/pat02;00:30;0.0
pu_SOL_da_demanda_bruta;21/10/2022/pat03;01:00;0.0
pu_SOL_da_demanda_bruta;21/10/2022/pat04;01:30;0.0
pu_SOL_da_demanda_bruta;21/10/2022/pat05;02:00;0.0
pu_SOL_da_demanda_bruta;21/10/2022/pat06;02:30;0.0
pu_SOL_da_demanda_bruta;21/10/2022/pat07;03:00;0.0
pu_SOL_da_demanda_bruta;21/10/2022/pat08;03:30;0.0
pu_SOL_da_demanda_bruta;21/10/2022/pat09;04:00;0.0
pu_SOL_da_demanda_bruta;21/10/2022/pat10;04:30;0.0
pu_SOL_da_demanda_bruta;21/10/2022/pat11;05:00;0.0
pu_SOL_da_demanda_bruta;21/10/2022/pat12;05:30;0.001599590329419849
pu_SOL_da_demanda_bruta;21/10/2022/pat13;06:00;0.009442435017060153
pu_SOL_da_demanda_bruta;21/10/2022/pat14;06:30;0.026678863890992333
pu_SOL_da_demanda_bruta;21/10/2022/pat15;07:00;0.038202249591678054
pu_SOL_da_demanda_bruta;21/10/2022/pat16;07:30;0.043290514142584
pu_SOL_da_demanda_bruta;21/10/2022/pat17;08:00;0.04547134653794635
pu_SOL_da_demanda_bruta;21/10/2022/pat18;08:30;0.046493376412719944
pu_SOL_da_demanda_bruta;21/10/2022/pat19;09:00;0.04708152798279431
pu_SOL_da_demanda_bruta;21/10/2022/pat20;09:30;0.047509647994095634
pu_SOL_da_demanda_bruta;21/10/2022/pat21;10:00;0.04758749937303144
pu_SOL_da_demanda_bruta;21/10/2022/pat22;10:30;0.0478604485603147
pu_SOL_da_demanda_bruta;21/10/2022/pat23;11:00;0.04804504858150463
pu_SOL_da_demanda_bruta;21/10/2022/pat24;11:30;0.0482102362861795
pu_SOL_da_demanda_bruta;21/10/2022/pat25;12:00;0.04900664425642193
pu_SOL_da_demanda_bruta;21/10/2022/pat26;12:30;0.04890829365727369
pu_SOL_da_demanda_bruta;21/10/2022/pat27;13:00;0.047301353602395034
pu_SOL_da_demanda_bruta;21/10/2022/pat28;13:30;0.04602383935394667
pu_SOL_da_demanda_bruta;21/10/2022/pat29;14:00;0.04478566015027338
pu_SOL_da_demanda_bruta;21/10/2022/pat30;14:30;0.0431362550141515
pu_SOL_da_demanda_bruta;21/10/2022/pat31;15:00;0.04084324227344767
pu_SOL_da_demanda_bruta;21/10/2022/pat32;15:30;0.03734976847181609
pu_SOL_da_demanda_bruta;21/10/2022/pat33;16:00;0.030962869390360897
pu_SOL_da_demanda_bruta;21/10/2022/pat34;16:30;0.01871664854840618
pu_SOL_da_demanda_bruta;21/10/2022/pat35;17:00;0.006255959104737476
pu_SOL_da_demanda_bruta;21/10/2022/pat36;17:30;0.0006469544836883543
pu_SOL_da_demanda_bruta;21/10/2022/pat37;18:00;3.2216407984814394e-05
pu_SOL_da_demanda_bruta;21/10/2022/pat38;18:30;0.0
pu_SOL_da_demanda_bruta;21/10/2022/pat39;19:00;0.0
pu_SOL_da_demanda_bruta;21/10/2022/pat40;19:30;0.0
pu_SOL_da_demanda_bruta;21/10/2022/pat41;20:00;0.0
pu_SOL_da_demanda_bruta;21/10/2022/pat42;20:30;0.0
pu_SOL_da_demanda_bruta;21/10/2022/pat43;21:00;0.0
pu_SOL_da_demanda_bruta;21/10/2022/pat44;21:30;0.0
pu_SOL_da_demanda_bruta;21/10/2022/pat45;22:00;0.0
pu_SOL_da_demanda_bruta;21/10/2022/pat46;22:30;0.0
pu_SOL_da_demanda_bruta;21/10/2022/pat47;23:00;0.0
pu_SOL_da_demanda_bruta;21/10/2022/pat48;23:30;0.0
pu_SOL_da_demanda_bruta;22/10/2022/pat01;00:00;0.0
pu_SOL_da_demanda_bruta;22/10/2022/pat02;00:30;0.0
pu_SOL_da_demanda_bruta;22/10/2022/pat03;01:00;0.0
pu_SOL_da_demanda_bruta;22/10/2022/pat04;01:30;0.0
pu_SOL_da_demanda_bruta;22/10/2022/pat05;02:00;0.0
pu_SOL_da_demanda_bruta;22/10/2022/pat06;02:30;0.0
pu_SOL_da_demanda_bruta;22/10/2022/pat07;03:00;0.0
pu_SOL_da_demanda_bruta;22/10/2022/pat08;03:30;0.0
pu_SOL_da_demanda_bruta;22/10/2022/pat09;04:00;0.0
pu_SOL_da_demanda_bruta;22/10/2022/pat10;04:30;0.0
pu_SOL_da_demanda_bruta;22/10/2022/pat11;05:00;0.0
pu_SOL_da_demanda_bruta;22/10/2022/pat12;05:30;0.0012950332260518106
pu_SOL_da_demanda_bruta;22/10/2022/pat13;06:00;0.011370545473788483
pu_SOL_da_demanda_bruta;22/10/2022/pat14;06:30;0.025945020617035578
pu_SOL_da_demanda_bruta;22/10/2022/pat15;07:00;0.03964926461539522
pu_SOL_da_demanda_bruta;22/10/2022/pat16;07:30;0.05120750801384295
pu_SOL_da_demanda_bruta;22/10/2022/pat17;08:00;0.057575202957857834
pu_SOL_da_demanda_bruta;22/10/2022/pat18;08:30;0.061426802498387674
pu_SOL_da_demanda_bruta;22/10/2022/pat19;09:00;0.06341994484655204
pu_SOL_da_demanda_bruta;22/10/2022/pat20;09:30;0.06401858181650512
pu_SOL_da_demanda_bruta;22/10/2022/pat21;10:00;0.06426216872623754
pu_SOL_da_demanda_bruta;22/10/2022/pat22;10:30;0.06434695132329762
pu_SOL_da_demanda_bruta;22/10/2022/pat23;11:00;0.06438961860070717
pu_SOL_da_demanda_bruta;22/10/2022/pat24;11:30;0.06425431314788486
pu_SOL_da_demanda_bruta;22/10/2022/pat25;12:00;0.06374146834266292
pu_SOL_da_demanda_bruta;22/10/2022/pat26;12:30;0.06278065694105692
pu_SOL_da_demanda_bruta;22/10/2022/pat27;13:00;0.0608862173630252
pu_SOL_da_demanda_bruta;22/10/2022/pat28;13:30;0.05852683264822116
pu_SOL_da_demanda_bruta;22/10/2022/pat29;14:00;0.05582240387255267
pu_SOL_da_demanda_bruta;22/10/2022/pat30;14:30;0.052997215396512906
pu_SOL_da_demanda_bruta;22/10/2022/pat31;15:00;0.04902506296582396
pu_SOL_da_demanda_bruta;22/10/2022/pat32;15:30;0.041854385192329153
pu_SOL_da_demanda_bruta;22/10/2022/pat33;16:00;0.031520844401727297
pu_SOL_da_demanda_bruta;22/10/2022/pat34;16:30;0.019500892783512323
pu_SOL_da_demanda_bruta;22/10/2022/pat35;17:00;0.00541074887674113
pu_SOL_da_demanda_bruta;22/10/2022/pat36;17:30;0.0007672410898118397
pu_SOL_da_demanda_bruta;22/10/2022/pat37;18:00;0.00010780836093156913
pu_SOL_da_demanda_bruta;22/10/2022/pat38;18:30;0.0
pu_SOL_da_demanda_bruta;22/10/2022/pat39;19:00;0.0
pu_SOL_da_demanda_bruta;22/10/2022/pat40;19:30;0.0
pu_SOL_da_demanda_bruta;22/10/2022/pat41;20:00;0.0
pu_SOL_da_demanda_bruta;22/10/2022/pat42;20:30;0.0
pu_SOL_da_demanda_bruta;22/10/2022/pat43;21:00;0.0
pu_SOL_da_demanda_bruta;22/10/2022/pat44;21:30;0.0
pu_SOL_da_demanda_bruta;22/10/2022/pat45;22:00;0.0
pu_SOL_da_demanda_bruta;22/10/2022/pat46;22:30;0.0
pu_SOL_da_demanda_bruta;22/10/2022/pat47;23:00;0.0
pu_SOL_da_demanda_bruta;22/10/2022/pat48;23:30;0.0
pu_SOL_da_demanda_bruta;23/10/2022/pat01;00:00;0.0
pu_SOL_da_demanda_bruta;23/10/2022/pat02;00:30;0.0
pu_SOL_da_demanda_bruta;23/10/2022/pat03;01:00;0.0
pu_SOL_da_demanda_bruta;23/10/2022/pat04;01:30;0.0
pu_SOL_da_demanda_bruta;23/10/2022/pat05;02:00;0.0
pu_SOL_da_demanda_bruta;23/10/2022/pat06;02:30;0.0
pu_SOL_da_demanda_bruta;23/10/2022/pat07;03:00;0.0
pu_SOL_da_demanda_bruta;23/10/2022/pat08;03:30;0.0
pu_SOL_da_demanda_bruta;23/10/2022/pat09;04:00;0.0
pu_SOL_da_demanda_bruta;23/10/2022/pat10;04:30;0.0
pu_SOL_da_demanda_bruta;23/10/2022/pat11;05:00;0.0
pu_SOL_da_demanda_bruta;23/10/2022/pat12;05:30;0.0020939806747846857
pu_SOL_da_demanda_bruta;23/10/2022/pat13;06:00;0.012826375334945668
pu_SOL_da_demanda_bruta;23/10/2022/pat14;06:30;0.03040138874107478
pu_SOL_da_demanda_bruta;23/10/2022/pat15;07:00;0.04712413344641237
pu_SOL_da_demanda_bruta;23/10/2022/pat16;07:30;0.05927842998686506
pu_SOL_da_demanda_bruta;23/10/2022/pat17;08:00;0.06664776434459649
pu_SOL_da_demanda_bruta;23/10/2022/pat18;08:30;0.07014805408796898
pu_SOL_da_demanda_bruta;23/10/2022/pat19;09:00;0.07190357494923441
pu_SOL_da_demanda_bruta;23/10/2022/pat20;09:30;0.0724434924752148
pu_SOL_da_demanda_bruta;23/10/2022/pat21;10:00;0.0719757753903249
pu_SOL_da_demanda_bruta;23/10/2022/pat22;10:30;0.07095205755687314
pu_SOL_da_demanda_bruta;23/10/2022/pat23;11:00;0.06991678113322962
pu_SOL_da_demanda_bruta;23/10/2022/pat24;11:30;0.06879622746711837
pu_SOL_da_demanda_bruta;23/10/2022/pat25;12:00;0.06813978440340555
pu_SOL_da_demanda_bruta;23/10/2022/pat26;12:30;0.06749778648066321
pu_SOL_da_demanda_bruta;23/10/2022/pat27;13:00;0.06553632960358095
pu_SOL_da_demanda_bruta;23/10/2022/pat28;13:30;0.06218279537620306
pu_SOL_da_demanda_bruta;23/10/2022/pat29;14:00;0.05784302706012248
pu_SOL_da_demanda_bruta;23/10/2022/pat30;14:30;0.05316603098900396
pu_SOL_da_demanda_bruta;23/10/2022/pat31;15:00;0.04750532473170399
pu_SOL_da_demanda_bruta;23/10/2022/pat32;15:30;0.04022149704166751
pu_SOL_da_demanda_bruta;23/10/2022/pat33;16:00;0.031225156427058576
pu_SOL_da_demanda_bruta;23/10/2022/pat34;16:30;0.02090341880996431
pu_SOL_da_demanda_bruta;23/10/2022/pat35;17:00;0.008733805900631244
pu_SOL_da_demanda_bruta;23/10/2022/pat36;17:30;0.00238058969440548
pu_SOL_da_demanda_bruta;23/10/2022/pat37;18:00;0.00046768992512663836
pu_SOL_da_demanda_bruta;23/10/2022/pat38;18:30;4.0568965528415495e-05
pu_SOL_da_demanda_bruta;23/10/2022/pat39;19:00;0.0
pu_SOL_da_demanda_bruta;23/10/2022/pat40;19:30;0.0
pu_SOL_da_demanda_bruta;23/10/2022/pat41;20:00;0.0
pu_SOL_da_demanda_bruta;23/10/2022/pat42;20:30;0.0
pu_SOL_da_demanda_bruta;23/10/2022/pat43;21:00;0.0
pu_SOL_da_demanda_bruta;23/10/2022/pat44;21:30;0.0
pu_SOL_da_demanda_bruta;23/10/2022/pat45;22:00;0.0
pu_SOL_da_demanda_bruta;23/10/2022/pat46;22:30;0.0
pu_SOL_da_demanda_bruta;23/10/2022/pat47;23:00;0.0
pu_SOL_da_demanda_bruta;23/10/2022/pat48;23:30;0.0
pu_SOL_da_demanda_bruta;24/10/2022/pat01;00:00;0.0
pu_SOL_da_demanda_bruta;24/10/2022/pat02;00:30;0.0
pu_SOL_da_demanda_bruta;24/10/2022/pat03;01:00;0.0
pu_SOL_da_demanda_bruta;24/10/2022/pat04;01:30;0.0
pu_SOL_da_demanda_bruta;24/10/2022/pat05;02:00;0.0
pu_SOL_da_demanda_bruta;24/10/2022/pat06;02:30;0.0
pu_SOL_da_demanda_bruta;24/10/2022/pat07;03:00;0.0
pu_SOL_da_demanda_bruta;24/10/2022/pat08;03:30;0.0
pu_SOL_da_demanda_bruta;24/10/2022/pat09;04:00;0.0
pu_SOL_da_demanda_bruta;24/10/2022/pat10;04:30;0.0
pu_SOL_da_demanda_bruta;24/10/2022/pat11;05:00;0.0
pu_SOL_da_demanda_bruta;24/10/2022/pat12;05:30;0.0029445719406180257
pu_SOL_da_demanda_bruta;24/10/2022/pat13;06:00;0.013597541874814144
pu_SOL_da_demanda_bruta;24/10/2022/pat14;06:30;0.0284624261930751
pu_SOL_da_demanda_bruta;24/10/2022/pat15;07:00;0.040831144036843965
pu_SOL_da_demanda_bruta;24/10/2022/pat16;07:30;0.04947646453400967
pu_SOL_da_demanda_bruta;24/10/2022/pat17;08:00;0.05363437292271714
pu_SOL_da_demanda_bruta;24/10/2022/pat18;08:30;0.0557318631269801
pu_SOL_da_demanda_bruta;24/10/2022/pat19;09:00;0.05748601424594045
pu_SOL_da_demanda_bruta;24/10/2022/pat20;09:30;0.0579222834527244
pu_SOL_da_demanda_bruta;24/10/2022/pat21;10:00;0.058109009882996825
pu_SOL_da_demanda_bruta;24/10/2022/pat22;10:30;0.057976491106954416
pu_SOL_da_demanda_bruta;24/10/2022/pat23;11:00;0.05732196106716902
pu_SOL_da_demanda_bruta;24/10/2022/pat24;11:30;0.05695356282081057
pu_SOL_da_demanda_bruta;24/10/2022/pat25;12:00;0.05670467402293531
pu_SOL_da_demanda_bruta;24/10/2022/pat26;12:30;0.055550110969714975
pu_SOL_da_demanda_bruta;24/10/2022/pat27;13:00;0.052587719702164144
pu_SOL_da_demanda_bruta;24/10/2022/pat28;13:30;0.04916649747734152
pu_SOL_da_demanda_bruta;24/10/2022/pat29;14:00;0.04627482080110137
pu_SOL_da_demanda_bruta;24/10/2022/pat30;14:30;0.04334187381454509
pu_SOL_da_demanda_bruta;24/10/2022/pat31;15:00;0.03996674169722644
pu_SOL_da_demanda_bruta;24/10/2022/pat32;15:30;0.03506417038479311
pu_SOL_da_demanda_bruta;24/10/2022/pat33;16:00;0.02947920914191273
pu_SOL_da_demanda_bruta;24/10/2022/pat34;16:30;0.021533737973977552
pu_SOL_da_demanda_bruta;24/10/2022/pat35;17:00;0.008216125448877218
pu_SOL_da_demanda_bruta;24/10/2022/pat36;17:30;0.0026323178576323474
pu_SOL_da_demanda_bruta;24/10/2022/pat37;18:00;0.0003237131495278319
pu_SOL_da_demanda_bruta;24/10/2022/pat38;18:30;0.0
pu_SOL_da_demanda_bruta;24/10/2022/pat39;19:00;0.0
pu_SOL_da_demanda_bruta;24/10/2022/pat40;19:30;0.0
pu_SOL_da_demanda_bruta;24/10/2022/pat41;20:00;0.0
pu_SOL_da_demanda_bruta;24/10/2022/pat42;20:30;0.0
pu_SOL_da_demanda_bruta;24/10/2022/pat43;21:00;0.0
pu_SOL_da_demanda_bruta;24/10/2022/pat44;21:30;0.0
pu_SOL_da_demanda_bruta;24/10/2022/pat45;22:00;0.0
pu_SOL_da_demanda_bruta;24/10/2022/pat46;22:30;0.0
pu_SOL_da_demanda_bruta;24/10/2022/pat47;23:00;0.0
pu_SOL_da_demanda_bruta;24/10/2022/pat48;23:30;0.0
pu_SOL_da_demanda_bruta;25/10/2022/pat01;00:00;0.0
pu_SOL_da_demanda_bruta;25/10/2022/pat02;00:30;0.0
pu_SOL_da_demanda_bruta;25/10/2022/pat03;01:00;0.0
pu_SOL_da_demanda_bruta;25/10/2022/pat04;01:30;0.0
pu_SOL_da_demanda_bruta;25/10/2022/pat05;02:00;0.0
pu_SOL_da_demanda_bruta;25/10/2022/pat06;02:30;0.0
pu_SOL_da_demanda_bruta;25/10/2022/pat07;03:00;0.0
pu_SOL_da_demanda_bruta;25/10/2022/pat08;03:30;0.0
pu_SOL_da_demanda_bruta;25/10/2022/pat09;04:00;0.0
pu_SOL_da_demanda_bruta;25/10/2022/pat10;04:30;0.0
pu_SOL_da_demanda_bruta;25/10/2022/pat11;05:00;0.0
pu_SOL_da_demanda_bruta;25/10/2022/pat12;05:30;0.002227468553155194
pu_SOL_da_demanda_bruta;25/10/2022/pat13;06:00;0.011027692299315143
pu_SOL_da_demanda_bruta;25/10/2022/pat14;06:30;0.023846419634697056
pu_SOL_da_demanda_bruta;25/10/2022/pat15;07:00;0.036364880684904816
pu_SOL_da_demanda_bruta;25/10/2022/pat16;07:30;0.04508962384395731
pu_SOL_da_demanda_bruta;25/10/2022/pat17;08:00;0.05066163145391188
pu_SOL_da_demanda_bruta;25/10/2022/pat18;08:30;0.05308851356588621
pu_SOL_da_demanda_bruta;25/10/2022/pat19;09:00;0.05461332477134511
pu_SOL_da_demanda_bruta;25/10/2022/pat20;09:30;0.05531014723375922
pu_SOL_da_demanda_bruta;25/10/2022/pat21;10:00;0.05562773458185668
pu_SOL_da_demanda_bruta;25/10/2022/pat22;10:30;0.05586429577313349
pu_SOL_da_demanda_bruta;25/10/2022/pat23;11:00;0.05610869361815873
pu_SOL_da_demanda_bruta;25/10/2022/pat24;11:30;0.056558746759513834
pu_SOL_da_demanda_bruta;25/10/2022/pat25;12:00;0.0570712179419293
pu_SOL_da_demanda_bruta;25/10/2022/pat26;12:30;0.05651080245897947
pu_SOL_da_demanda_bruta;25/10/2022/pat27;13:00;0.05435459664653129
pu_SOL_da_demanda_bruta;25/10/2022/pat28;13:30;0.05171133165957754
pu_SOL_da_demanda_bruta;25/10/2022/pat29;14:00;0.0485406742803838
pu_SOL_da_demanda_bruta;25/10/2022/pat30;14:30;0.04518229841823858
pu_SOL_da_demanda_bruta;25/10/2022/pat31;15:00;0.04169004763023847
pu_SOL_da_demanda_bruta;25/10/2022/pat32;15:30;0.03687089986176535
pu_SOL_da_demanda_bruta;25/10/2022/pat33;16:00;0.0294330798039852
pu_SOL_da_demanda_bruta;25/10/2022/pat34;16:30;0.019803982715069748
pu_SOL_da_demanda_bruta;25/10/2022/pat35;17:00;0.007853960564554103
pu_SOL_da_demanda_bruta;25/10/2022/pat36;17:30;0.0020464011515231462
pu_SOL_da_demanda_bruta;25/10/2022/pat37;18:00;0.0003406847552375596
pu_SOL_da_demanda_bruta;25/10/2022/pat38;18:30;3.6620102922043364e-05
pu_SOL_da_demanda_bruta;25/10/2022/pat39;19:00;3.6391291972131664e-05
pu_SOL_da_demanda_bruta;25/10/2022/pat40;19:30;3.685522425846143e-05
pu_SOL_da_demanda_bruta;25/10/2022/pat41;20:00;0.0
pu_SOL_da_demanda_bruta;25/10/2022/pat42;20:30;0.0
pu_SOL_da_demanda_bruta;25/10/2022/pat43;21:00;0.0
pu_SOL_da_demanda_bruta;25/10/2022/pat44;21:30;0.0
pu_SOL_da_demanda_bruta;25/10/2022/pat45;22:00;0.0
pu_SOL_da_demanda_bruta;25/10/2022/pat46;22:30;0.0
pu_SOL_da_demanda_bruta;25/10/2022/pat47;23:00;0.0
pu_SOL_da_demanda_bruta;25/10/2022/pat48;23:30;0.0
pu_SOL_da_demanda_bruta;26/10/2022/pat01;00:00;0.0
pu_SOL_da_demanda_bruta;26/10/2022/pat02;00:30;0.0
pu_SOL_da_demanda_bruta;26/10/2022/pat03;01:00;0.0
pu_SOL_da_demanda_bruta;26/10/2022/pat04;01:30;0.0
pu_SOL_da_demanda_bruta;26/10/2022/pat05;02:00;0.0
pu_SOL_da_demanda_bruta;26/10/2022/pat06;02:30;0.0
pu_SOL_da_demanda_bruta;26/10/2022/pat07;03:00;0.0
pu_SOL_da_demanda_bruta;26/10/2022/pat08;03:30;0.0
pu_SOL_da_demanda_bruta;26/10/2022/pat09;04:00;0.0
pu_SOL_da_demanda_bruta;26/10/2022/pat10;04:30;0.0
pu_SOL_da_demanda_bruta;26/10/2022/pat11;05:00;0.0
pu_SOL_da_demanda_bruta;26/10/2022/pat12;05:30;0.0026129891874741564
pu_SOL_da_demanda_bruta;26/10/2022/pat13;06:00;0.012085550731231584
pu_SOL_da_demanda_bruta;26/10/2022/pat14;06:30;0.02733757424118986
pu_SOL_da_demanda_bruta;26/10/2022/pat15;07:00;0.039051626029720475
pu_SOL_da_demanda_bruta;26/10/2022/pat16;07:30;0.04727675891531311
pu_SOL_da_demanda_bruta;26/10/2022/pat17;08:00;0.051574819268549225
pu_SOL_da_demanda_bruta;26/10/2022/pat18;08:30;0.05380761551864176
pu_SOL_da_demanda_bruta;26/10/2022/pat19;09:00;0.056054162714573294
pu_SOL_da_demanda_bruta;26/10/2022/pat20;09:30;0.057020549374223475
pu_SOL_da_demanda_bruta;26/10/2022/pat21;10:00;0.05784426668504946
pu_SOL_da_demanda_bruta;26/10/2022/pat22;10:30;0.05798678454644003
pu_SOL_da_demanda_bruta;26/10/2022/pat23;11:00;0.058474224329125093
pu_SOL_da_demanda_bruta;26/10/2022/pat24;11:30;0.0583380269565642
pu_SOL_da_demanda_bruta;26/10/2022/pat25;12:00;0.05842583959595407
pu_SOL_da_demanda_bruta;26/10/2022/pat26;12:30;0.057386304979196036
pu_SOL_da_demanda_bruta;26/10/2022/pat27;13:00;0.054115403878324246
pu_SOL_da_demanda_bruta;26/10/2022/pat28;13:30;0.05114878822214089
pu_SOL_da_demanda_bruta;26/10/2022/pat29;14:00;0.048370991886652524
pu_SOL_da_demanda_bruta;26/10/2022/pat30;14:30;0.04617120073277296
pu_SOL_da_demanda_bruta;26/10/2022/pat31;15:00;0.042683390099218635
pu_SOL_da_demanda_bruta;26/10/2022/pat32;15:30;0.037696881064008494
pu_SOL_da_demanda_bruta;26/10/2022/pat33;16:00;0.030945052955825614
pu_SOL_da_demanda_bruta;26/10/2022/pat34;16:30;0.02244252354395936
pu_SOL_da_demanda_bruta;26/10/2022/pat35;17:00;0.007312354828447611
pu_SOL_da_demanda_bruta;26/10/2022/pat36;17:30;0.0025044301880110644
pu_SOL_da_demanda_bruta;26/10/2022/pat37;18:00;0.00039723876128271846
pu_SOL_da_demanda_bruta;26/10/2022/pat38;18:30;0.0
pu_SOL_da_demanda_bruta;26/10/2022/pat39;19:00;0.0
pu_SOL_da_demanda_bruta;26/10/2022/pat40;19:30;0.0
pu_SOL_da_demanda_bruta;26/10/2022/pat41;20:00;0.0
pu_SOL_da_demanda_bruta;26/10/2022/pat42;20:30;0.0
pu_SOL_da_demanda_bruta;26/10/2022/pat43;21:00;0.0
pu_SOL_da_demanda_bruta;26/10/2022/pat44;21:30;0.0
pu_SOL_da_demanda_bruta;26/10/2022/pat45;22:00;0.0
pu_SOL_da_demanda_bruta;26/10/2022/pat46;22:30;0.0
pu_SOL_da_demanda_bruta;26/10/2022/pat47;23:00;0.0
pu_SOL_da_demanda_bruta;26/10/2022/pat48;23:30;0.0
pu_SOL_da_demanda_bruta;27/10/2022/pat01;00:00;0.0
pu_SOL_da_demanda_bruta;27/10/2022/pat02;00:30;0.0
pu_SOL_da_demanda_bruta;27/10/2022/pat03;01:00;0.0
pu_SOL_da_demanda_bruta;27/10/2022/pat04;01:30;0.0
pu_SOL_da_demanda_bruta;27/10/2022/pat05;02:00;0.0
pu_SOL_da_demanda_bruta;27/10/2022/pat06;02:30;0.0
pu_SOL_da_demanda_bruta;27/10/2022/pat07;03:00;0.0
pu_SOL_da_demanda_bruta;27/10/2022/pat08;03:30;0.0
pu_SOL_da_demanda_bruta;27/10/2022/pat09;04:00;0.0
pu_SOL_da_demanda_bruta;27/10/2022/pat10;04:30;0.0
pu_SOL_da_demanda_bruta;27/10/2022/pat11;05:00;0.0
pu_SOL_da_demanda_bruta;27/10/2022/pat12;05:30;0.003049381145224565
pu_SOL_da_demanda_bruta;27/10/2022/pat13;06:00;0.013991004720191038
pu_SOL_da_demanda_bruta;27/10/2022/pat14;06:30;0.02968130440249994
pu_SOL_da_demanda_bruta;27/10/2022/pat15;07:00;0.04238943113006785
pu_SOL_da_demanda_bruta;27/10/2022/pat16;07:30;0.051157955463048604
pu_SOL_da_demanda_bruta;27/10/2022/pat17;08:00;0.055646746712036226
pu_SOL_da_demanda_bruta;27/10/2022/pat18;08:30;0.05828705735713929
pu_SOL_da_demanda_bruta;27/10/2022/pat19;09:00;0.0603891433316726
pu_SOL_da_demanda_bruta;27/10/2022/pat20;09:30;0.06104118441782347
pu_SOL_da_demanda_bruta;27/10/2022/pat21;10:00;0.06133628372735457
pu_SOL_da_demanda_bruta;27/10/2022/pat22;10:30;0.06154081109112161
pu_SOL_da_demanda_bruta;27/10/2022/pat23;11:00;0.06126587866125326
pu_SOL_da_demanda_bruta;27/10/2022/pat24;11:30;0.061657023693765814
pu_SOL_da_demanda_bruta;27/10/2022/pat25;12:00;0.06192102602948625
pu_SOL_da_demanda_bruta;27/10/2022/pat26;12:30;0.061037885992193605
pu_SOL_da_demanda_bruta;27/10/2022/pat27;13:00;0.05890303206779134
pu_SOL_da_demanda_bruta;27/10/2022/pat28;13:30;0.05622004877890952
pu_SOL_da_demanda_bruta;27/10/2022/pat29;14:00;0.053223366170386664
pu_SOL_da_demanda_bruta;27/10/2022/pat30;14:30;0.05081800106790969
pu_SOL_da_demanda_bruta;27/10/2022/pat31;15:00;0.04742974992257183
pu_SOL_da_demanda_bruta;27/10/2022/pat32;15:30;0.04084242272930214
pu_SOL_da_demanda_bruta;27/10/2022/pat33;16:00;0.03262329974620329
pu_SOL_da_demanda_bruta;27/10/2022/pat34;16:30;0.02226924748030887
pu_SOL_da_demanda_bruta;27/10/2022/pat35;17:00;0.007094423134310702
pu_SOL_da_demanda_bruta;27/10/2022/pat36;17:30;0.0017608992668548117
pu_SOL_da_demanda_bruta;27/10/2022/pat37;18:00;0.00015816212837619175
pu_SOL_da_demanda_bruta;27/10/2022/pat38;18:30;0.0
pu_SOL_da_demanda_bruta;27/10/2022/pat39;19:00;0.0
pu_SOL_da_demanda_bruta;27/10/2022/pat40;19:30;0.0
pu_SOL_da_demanda_bruta;27/10/2022/pat41;20:00;0.0
pu_SOL_da_demanda_bruta;27/10/2022/pat42;20:30;0.0
pu_SOL_da_demanda_bruta;27/10/2022/pat43;21:00;0.0
pu_SOL_da_demanda_bruta;27/10/2022/pat44;21:30;0.0
pu_SOL_da_demanda_bruta;27/10/2022/pat45;22:00;0.0
pu_SOL_da_demanda_bruta;27/10/2022/pat46;22:30;0.0
pu_SOL_da_demanda_bruta;27/10/2022/pat47;23:00;0.0
pu_SOL_da_demanda_bruta;27/10/2022/pat48;23:30;0.0
pu_SOL_da_demanda_bruta;28/10/2022/pat01;00:00;0.0
pu_SOL_da_demanda_bruta;28/10/2022/pat02;00:30;0.0
pu_SOL_da_demanda_bruta;28/10/2022/pat03;01:00;0.0
pu_SOL_da_demanda_bruta;28/10/2022/pat04;01:30;0.0
pu_SOL_da_demanda_bruta;28/10/2022/pat05;02:00;0.0
pu_SOL_da_demanda_bruta;28/10/2022/pat06;02:30;0.0
pu_SOL_da_demanda_bruta;28/10/2022/pat07;03:00;0.0
pu_SOL_da_demanda_bruta;28/10/2022/pat08;03:30;0.0
pu_SOL_da_demanda_bruta;28/10/2022/pat09;04:00;0.0
pu_SOL_da_demanda_bruta;28/10/2022/pat10;04:30;0.0
pu_SOL_da_demanda_bruta;28/10/2022/pat11;05:00;0.0
pu_SOL_da_demanda_bruta;28/10/2022/pat12;05:30;0.0030833074877470025
pu_SOL_da_demanda_bruta;28/10/2022/pat13;06:00;0.01457596874878737
pu_SOL_da_demanda_bruta;28/10/2022/pat14;06:30;0.03179252999641046
pu_SOL_da_demanda_bruta;28/10/2022/pat15;07:00;0.0463280823719703
pu_SOL_da_demanda_bruta;28/10/2022/pat16;07:30;0.054985454727203356
pu_SOL_da_demanda_bruta;28/10/2022/pat17;08:00;0.05835839691436042
pu_SOL_da_demanda_bruta;28/10/2022/pat18;08:30;0.05981891561988578
pu_SOL_da_demanda_bruta;28/10/2022/pat19;09:00;0.060230934713504214
pu_SOL_da_demanda_bruta;28/10/2022/pat20;09:30;0.06043252632633076
pu_SOL_da_demanda_bruta;28/10/2022/pat21;10:00;0.060290098902643946
pu_SOL_da_demanda_bruta;28/10/2022/pat22;10:30;0.060135974563056645
pu_SOL_da_demanda_bruta;28/10/2022/pat23;11:00;0.06016774582413001
pu_SOL_da_demanda_bruta;28/10/2022/pat24;11:30;0.06053975349318651
pu_SOL_da_demanda_bruta;28/10/2022/pat25;12:00;0.06135357649542199
pu_SOL_da_demanda_bruta;28/10/2022/pat26;12:30;0.06139866882923979
pu_SOL_da_demanda_bruta;28/10/2022/pat27;13:00;0.05971265955402533
pu_SOL_da_demanda_bruta;28/10/2022/pat28;13:30;0.057775224735595
pu_SOL_da_demanda_bruta;28/10/2022/pat29;14:00;0.05539470242143815
pu_SOL_da_demanda_bruta;28/10/2022/pat30;14:30;0.052158857250501574
pu_SOL_da_demanda_bruta;28/10/2022/pat31;15:00;0.04787697456089093
pu_SOL_da_demanda_bruta;28/10/2022/pat32;15:30;0.04196604476166597
pu_SOL_da_demanda_bruta;28/10/2022/pat33;16:00;0.03439214254446248
pu_SOL_da_demanda_bruta;28/10/2022/pat34;16:30;0.02451922520965035
pu_SOL_da_demanda_bruta;28/10/2022/pat35;17:00;0.008928907978051981
pu_SOL_da_demanda_bruta;28/10/2022/pat36;17:30;0.0024846442043653725
pu_SOL_da_demanda_bruta;28/10/2022/pat37;18:00;0.0003485158698226421
pu_SOL_da_demanda_bruta;28/10/2022/pat38;18:30;0.0
pu_SOL_da_demanda_bruta;28/10/2022/pat39;19:00;0.0
pu_SOL_da_demanda_bruta;28/10/2022/pat40;19:30;0.0
pu_SOL_da_demanda_bruta;28/10/2022/pat41;20:00;0.0
pu_SOL_da_demanda_bruta;28/10/2022/pat42;20:30;0.0
pu_SOL_da_demanda_bruta;28/10/2022/pat43;21:00;0.0
pu_SOL_da_demanda_bruta;28/10/2022/pat44;21:30;0.0
pu_SOL_da_demanda_bruta;28/10/2022/pat45;22:00;0.0
pu_SOL_da_demanda_bruta;28/10/2022/pat46;22:30;0.0
pu_SOL_da_demanda_bruta;28/10/2022/pat47;23:00;0.0
pu_SOL_da_demanda_bruta;28/10/2022/pat48;23:30;0.0
pu_SOL_da_demanda_bruta;29/10/2022/pat01;00:00;0.0
pu_SOL_da_demanda_bruta;29/10/2022/pat02;00:30;0.0
pu_SOL_da_demanda_bruta;29/10/2022/pat03;01:00;0.0
pu_SOL_da_demanda_bruta;29/10/2022/pat04;01:30;0.0
pu_SOL_da_demanda_bruta;29/10/2022/pat05;02:00;0.0
pu_SOL_da_demanda_bruta;29/10/2022/pat06;02:30;0.0
pu_SOL_da_demanda_bruta;29/10/2022/pat07;03:00;0.0
pu_SOL_da_demanda_bruta;29/10/2022/pat08;03:30;0.0
pu_SOL_da_demanda_bruta;29/10/2022/pat09;04:00;0.0
pu_SOL_da_demanda_bruta;29/10/2022/pat10;04:30;0.0
pu_SOL_da_demanda_bruta;29/10/2022/pat11;05:00;0.0
pu_SOL_da_demanda_bruta;29/10/2022/pat12;05:30;0.003636661992652251
pu_SOL_da_demanda_bruta;29/10/2022/pat13;06:00;0.01816370100656931
pu_SOL_da_demanda_bruta;29/10/2022/pat14;06:30;0.03836118107337854
pu_SOL_da_demanda_bruta;29/10/2022/pat15;07:00;0.05251342680523082
pu_SOL_da_demanda_bruta;29/10/2022/pat16;07:30;0.06027189821118779
pu_SOL_da_demanda_bruta;29/10/2022/pat17;08:00;0.06394953576872192
pu_SOL_da_demanda_bruta;29/10/2022/pat18;08:30;0.06456635454613971
pu_SOL_da_demanda_bruta;29/10/2022/pat19;09:00;0.06527771720977246
pu_SOL_da_demanda_bruta;29/10/2022/pat20;09:30;0.06556787046212223
pu_SOL_da_demanda_bruta;29/10/2022/pat21;10:00;0.06532874854752674
pu_SOL_da_demanda_bruta;29/10/2022/pat22;10:30;0.06532957349409499
pu_SOL_da_demanda_bruta;29/10/2022/pat23;11:00;0.06536422020044563
pu_SOL_da_demanda_bruta;29/10/2022/pat24;11:30;0.06575621081121157
pu_SOL_da_demanda_bruta;29/10/2022/pat25;12:00;0.06637209331089866
pu_SOL_da_demanda_bruta;29/10/2022/pat26;12:30;0.06609920419401392
pu_SOL_da_demanda_bruta;29/10/2022/pat27;13:00;0.06375756888602027
pu_SOL_da_demanda_bruta;29/10/2022/pat28;13:30;0.061498583430011196
pu_SOL_da_demanda_bruta;29/10/2022/pat29;14:00;0.05913153048012193
pu_SOL_da_demanda_bruta;29/10/2022/pat30;14:30;0.0565552141986904
pu_SOL_da_demanda_bruta;29/10/2022/pat31;15:00;0.052988973090625786
pu_SOL_da_demanda_bruta;29/10/2022/pat32;15:30;0.04615542061544158
pu_SOL_da_demanda_bruta;29/10/2022/pat33;16:00;0.039184143946077846
pu_SOL_da_demanda_bruta;29/10/2022/pat34;16:30;0.02799341785344551
pu_SOL_da_demanda_bruta;29/10/2022/pat35;17:00;0.011238736730823713
pu_SOL_da_demanda_bruta;29/10/2022/pat36;17:30;0.0030988302695413557
pu_SOL_da_demanda_bruta;29/10/2022/pat37;18:00;0.0003907361671137101
pu_SOL_da_demanda_bruta;29/10/2022/pat38;18:30;0.0
pu_SOL_da_demanda_bruta;29/10/2022/pat39;19:00;0.0
pu_SOL_da_demanda_bruta;29/10/2022/pat40;19:30;0.0
pu_SOL_da_demanda_bruta;29/10/2022/pat41;20:00;0.0
pu_SOL_da_demanda_bruta;29/10/2022/pat42;20:30;0.0
pu_SOL_da_demanda_bruta;29/10/2022/pat43;21:00;0.0
pu_SOL_da_demanda_bruta;29/10/2022/pat44;21:30;0.0
pu_SOL_da_demanda_bruta;29/10/2022/pat45;22:00;0.0
pu_SOL_da_demanda_bruta;29/10/2022/pat46;22:30;0.0
pu_SOL_da_demanda_bruta;29/10/2022/pat47;23:00;0.0
pu_SOL_da_demanda_bruta;29/10/2022/pat48;23:30;0.0
pu_SOL_da_demanda_bruta;30/10/2022/pat01;00:00;0.0
pu_SOL_da_demanda_bruta;30/10/2022/pat02;00:30;0.0
pu_SOL_da_demanda_bruta;30/10/2022/pat03;01:00;0.0
pu_SOL_da_demanda_bruta;30/10/2022/pat04;01:30;0.0
pu_SOL_da_demanda_bruta;30/10/2022/pat05;02:00;0.0
pu_SOL_da_demanda_bruta;30/10/2022/pat06;02:30;0.0
pu_SOL_da_demanda_bruta;30/10/2022/pat07;03:00;0.0
pu_SOL_da_demanda_bruta;30/10/2022/pat08;03:30;0.0
pu_SOL_da_demanda_bruta;30/10/2022/pat09;04:00;0.0
pu_SOL_da_demanda_bruta;30/10/2022/pat10;04:30;0.0
pu_SOL_da_demanda_bruta;30/10/2022/pat11;05:00;0.0
pu_SOL_da_demanda_bruta;30/10/2022/pat12;05:30;0.0010145364211714893
pu_SOL_da_demanda_bruta;30/10/2022/pat13;06:00;0.010978888767084322
pu_SOL_da_demanda_bruta;30/10/2022/pat14;06:30;0.030509257039685645
pu_SOL_da_demanda_bruta;30/10/2022/pat15;07:00;0.050110628820935185
pu_SOL_da_demanda_bruta;30/10/2022/pat16;07:30;0.06487204936448296
pu_SOL_da_demanda_bruta;30/10/2022/pat17;08:00;0.07465173858148604
pu_SOL_da_demanda_bruta;30/10/2022/pat18;08:30;0.07971754855591007
pu_SOL_da_demanda_bruta;30/10/2022/pat19;09:00;0.08157066524758676
pu_SOL_da_demanda_bruta;30/10/2022/pat20;09:30;0.08251311335647397
pu_SOL_da_demanda_bruta;30/10/2022/pat21;10:00;0.08253673918079345
pu_SOL_da_demanda_bruta;30/10/2022/pat22;10:30;0.08205117364693458
pu_SOL_da_demanda_bruta;30/10/2022/pat23;11:00;0.08154549580251498
pu_SOL_da_demanda_bruta;30/10/2022/pat24;11:30;0.08033654115976953
pu_SOL_da_demanda_bruta;30/10/2022/pat25;12:00;0.07966712353537171
pu_SOL_da_demanda_bruta;30/10/2022/pat26;12:30;0.07868364380420807
pu_SOL_da_demanda_bruta;30/10/2022/pat27;13:00;0.07722188175419453
pu_SOL_da_demanda_bruta;30/10/2022/pat28;13:30;0.07377379014785783
pu_SOL_da_demanda_bruta;30/10/2022/pat29;14:00;0.06892880689536891
pu_SOL_da_demanda_bruta;30/10/2022/pat30;14:30;0.06387186576824791
pu_SOL_da_demanda_bruta;30/10/2022/pat31;15:00;0.057434919908387685
pu_SOL_da_demanda_bruta;30/10/2022/pat32;15:30;0.048938175457463505
pu_SOL_da_demanda_bruta;30/10/2022/pat33;16:00;0.037610804299298806
pu_SOL_da_demanda_bruta;30/10/2022/pat34;16:30;0.023020160818207725
pu_SOL_da_demanda_bruta;30/10/2022/pat35;17:00;0.0073048335752057755
pu_SOL_da_demanda_bruta;30/10/2022/pat36;17:30;0.0008520555639154163
pu_SOL_da_demanda_bruta;30/10/2022/pat37;18:00;7.086388094902769e-05
pu_SOL_da_demanda_bruta;30/10/2022/pat38;18:30;0.0
pu_SOL_da_demanda_bruta;30/10/2022/pat39;19:00;0.0
pu_SOL_da_demanda_bruta;30/10/2022/pat40;19:30;0.0
pu_SOL_da_demanda_bruta;30/10/2022/pat41;20:00;0.0
pu_SOL_da_demanda_bruta;30/10/2022/pat42;20:30;0.0
pu_SOL_da_demanda_bruta;30/10/2022/pat43;21:00;0.0
pu_SOL_da_demanda_bruta;30/10/2022/pat44;21:30;0.0
pu_SOL_da_demanda_bruta;30/10/2022/pat45;22:00;0.0
pu_SOL_da_demanda_bruta;30/10/2022/pat46;22:30;0.0
pu_SOL_da_demanda_bruta;30/10/2022/pat47;23:00;0.0
pu_SOL_da_demanda_bruta;30/10/2022/pat48;23:30;0.0
pu_SOL_da_demanda_bruta;31/10/2022/pat01;00:00;0.0
pu_SOL_da_demanda_bruta;31/10/2022/pat02;00:30;0.0
pu_SOL_da_demanda_bruta;31/10/2022/pat03;01:00;0.0
pu_SOL_da_demanda_bruta;31/10/2022/pat04;01:30;0.0
pu_SOL_da_demanda_bruta;31/10/2022/pat05;02:00;0.0
pu_SOL_da_demanda_bruta;31/10/2022/pat06;02:30;0.0
pu_SOL_da_demanda_bruta;31/10/2022/pat07;03:00;0.0
pu_SOL_da_demanda_bruta;31/10/2022/pat08;03:30;0.0
pu_SOL_da_demanda_bruta;31/10/2022/pat09;04:00;0.0
pu_SOL_da_demanda_bruta;31/10/2022/pat10;04:30;0.0
pu_SOL_da_demanda_bruta;31/10/2022/pat11;05:00;0.0
pu_SOL_da_demanda_bruta;31/10/2022/pat12;05:30;0.0009275958631491432
pu_SOL_da_demanda_bruta;31/10/2022/pat13;06:00;0.00970799206800738
pu_SOL_da_demanda_bruta;31/10/2022/pat14;06:30;0.026197946598215373
pu_SOL_da_demanda_bruta;31/10/2022/pat15;07:00;0.041436394953994274
pu_SOL_da_demanda_bruta;31/10/2022/pat16;07:30;0.051797392338037346
pu_SOL_da_demanda_bruta;31/10/2022/pat17;08:00;0.05813662978970554
pu_SOL_da_demanda_bruta;31/10/2022/pat18;08:30;0.06116148691656689
pu_SOL_da_demanda_bruta;31/10/2022/pat19;09:00;0.06250785158292829
pu_SOL_da_demanda_bruta;31/10/2022/pat20;09:30;0.0630461621847575
pu_SOL_da_demanda_bruta;31/10/2022/pat21;10:00;0.06317897383390769
pu_SOL_da_demanda_bruta;31/10/2022/pat22;10:30;0.06300451918873338
pu_SOL_da_demanda_bruta;31/10/2022/pat23;11:00;0.06305197703456884
pu_SOL_da_demanda_bruta;31/10/2022/pat24;11:30;0.06293918478321107
pu_SOL_da_demanda_bruta;31/10/2022/pat25;12:00;0.0633952604041938
pu_SOL_da_demanda_bruta;31/10/2022/pat26;12:30;0.062494532330687906
pu_SOL_da_demanda_bruta;31/10/2022/pat27;13:00;0.0600025727796249
pu_SOL_da_demanda_bruta;31/10/2022/pat28;13:30;0.05631947028945526
pu_SOL_da_demanda_bruta;31/10/2022/pat29;14:00;0.05241065937421216
pu_SOL_da_demanda_bruta;31/10/2022/pat30;14:30;0.048556125515033535
pu_SOL_da_demanda_bruta;31/10/2022/pat31;15:00;0.0440488522516501
pu_SOL_da_demanda_bruta;31/10/2022/pat32;15:30;0.03796676179181772
pu_SOL_da_demanda_bruta;31/10/2022/pat33;16:00;0.029729060118897907
pu_SOL_da_demanda_bruta;31/10/2022/pat34;16:30;0.01866813718535518
pu_SOL_da_demanda_bruta;31/10/2022/pat35;17:00;0.006216853568643241
pu_SOL_da_demanda_bruta;31/10/2022/pat36;17:30;0.0007525338511972986
pu_SOL_da_demanda_bruta;31/10/2022/pat37;18:00;6.519506676604196e-05
pu_SOL_da_demanda_bruta;31/10/2022/pat38;18:30;0.0
pu_SOL_da_demanda_bruta;31/10/2022/pat39;19:00;0.0
pu_SOL_da_demanda_bruta;31/10/2022/pat40;19:30;0.0
pu_SOL_da_demanda_bruta;31/10/2022/pat41;20:00;0.0
pu_SOL_da_demanda_bruta;31/10/2022/pat42;20:30;0.0
pu_SOL_da_demanda_bruta;31/10/2022/pat43;21:00;0.0
pu_SOL_da_demanda_bruta;31/10/2022/pat44;21:30;0.0
pu_SOL_da_demanda_bruta;31/10/2022/pat45;22:00;0.0
pu_SOL_da_demanda_bruta;31/10/2022/pat46;22:30;0.0
pu_SOL_da_demanda_bruta;31/10/2022/pat47;23:00;0.0
pu_SOL_da_demanda_bruta;31/10/2022/pat48;23:30;0.0
